contig,position,strand,4mC,5mC,6mA,Sequence,Treatment,gene_callers_id,function,source
contig_70393,5385,false,0.0,0.0,0.045408678102926335,GAATC,Sackhole Bottom (160 cm),,,
contig_70393,6535,false,,,0.07692307692307693,GAATC,Sackhole Middle (70 cm),,,
contig_70393,4859,false,0.0,0.0,0.0,GACTC,Sackhole Top (40 cm),,,
contig_70393,4570,false,0.032520325203252036,0.009336784654273287,0.0847457627118644,GACTC,Sackhole Bottom (160 cm),,,
contig_70393,5431,false,0.5,0.0,0.012605042016806723,GAATC,Sackhole Bottom (160 cm),,,
contig_70393,7143,false,1.0,0.0,0.03225806451612903,GAATC,Sackhole Middle (70 cm),,,
contig_70393,5431,false,0.5,0.0,0.02152317880794702,GAATC,Sackhole Bottom (160 cm),,,
contig_70393,6535,false,,,0.0,GAATC,Sackhole Top (40 cm),,,
contig_70393,4708,true,0.12931034482758622,0.014841984049132085,0.0,GACTC,Sackhole Middle (70 cm),,,
contig_70393,5385,false,,,0.0,GAATC,Sackhole Middle (70 cm),,,
contig_70393,6327,false,,,0.01098901098901099,GAATC,Sackhole Top (40 cm),,,
contig_70393,4708,true,0.2,0.0,,GACTC,Sackhole Middle (70 cm),,,
contig_70393,7143,false,,,0.0,GAATC,Sackhole Top (40 cm),,,
contig_70393,5431,false,,,0.052132701421800945,GAATC,Sackhole Middle (70 cm),,,
contig_70393,6535,false,0.2682926829268293,0.06607574536663981,0.028985507246376812,GAATC,Sackhole Bottom (160 cm),,,
contig_70393,4708,true,0.125,0.0,,GACTC,Sackhole Top (40 cm),,,
contig_70393,4570,false,0.0,0.045454545454545456,0.0,GACTC,Sackhole Middle (70 cm),,,
contig_70393,6327,false,,,0.05652173913043478,GAATC,Sackhole Middle (70 cm),,,
contig_70393,5431,false,0.0,0.0,0.0,GAATC,Sackhole Middle (70 cm),,,
contig_70393,5431,false,0.5,0.0,0.01905717151454363,GAATC,Sackhole Bottom (160 cm),,,
contig_70393,4859,false,0.0,0.0,,GACTC,Sackhole Middle (70 cm),,,
contig_70393,5385,false,,,0.06060606060606061,GAATC,Sackhole Top (40 cm),,,
contig_70393,5385,false,,,0.1111111111111111,GAATC,Sackhole Top (40 cm),,,
contig_70393,4859,false,0.031462585034013606,0.010535266491029122,0.2857142857142857,GACTC,Sackhole Bottom (160 cm),,,
contig_70393,4859,false,0.0,0.0,,GACTC,Sackhole Top (40 cm),,,
contig_70393,6327,false,,,0.17647058823529413,GAATC,Sackhole Middle (70 cm),,,
contig_70393,4570,false,0.030843043180260453,0.006364783373911998,0.10852713178294573,GACTC,Sackhole Bottom (160 cm),,,
contig_70393,6327,false,1.0,0.0,0.08271375464684015,GAATC,Sackhole Bottom (160 cm),,,
contig_70393,6535,false,0.0,0.0,0.0,GAATC,Sackhole Top (40 cm),,,
contig_70393,4570,false,0.01818181818181818,0.018512285425782565,0.15384615384615385,GACTC,Sackhole Top (40 cm),,,
contig_70393,6535,false,0.0,0.0,0.07692307692307693,GAATC,Sackhole Middle (70 cm),,,
contig_70393,4570,false,0.0,0.0,0.0,GACTC,Sackhole Middle (70 cm),,,
contig_70393,5385,false,,,0.0,GAATC,Sackhole Top (40 cm),,,
contig_70393,7143,false,0.0,0.0,0.034308779011099896,GAATC,Sackhole Bottom (160 cm),,,
contig_70393,6327,false,,,0.0,GAATC,Sackhole Top (40 cm),,,
contig_70393,6327,false,,,0.07407407407407407,GAATC,Sackhole Top (40 cm),,,
contig_70393,5431,false,,,0.05263157894736842,GAATC,Sackhole Middle (70 cm),,,
contig_70393,6535,false,0.25,0.0,0.039473684210526314,GAATC,Sackhole Top (40 cm),,,
contig_70393,4940,false,0.0,0.0,0.015267175572519083,GAATC,Sackhole Middle (70 cm),,,
contig_70393,6327,false,,,0.1,GAATC,Sackhole Middle (70 cm),,,
contig_70393,7143,false,,,0.03333333333333333,GAATC,Sackhole Top (40 cm),,,
contig_70393,5431,false,0.5,0.6666666666666666,0.04477611940298507,GAATC,Sackhole Top (40 cm),,,
contig_70393,7143,false,,,0.08,GAATC,Sackhole Top (40 cm),,,
contig_70393,4708,true,0.04568527918781726,0.009973101313884378,0.0,GACTC,Sackhole Bottom (160 cm),,,
contig_70393,7143,false,0.0,0.0,0.03461538461538462,GAATC,Sackhole Bottom (160 cm),,,
contig_70393,5431,false,,,0.03225806451612903,GAATC,Sackhole Top (40 cm),,,
contig_70393,4940,false,0.0,0.0,0.009825327510917031,GAATC,Sackhole Bottom (160 cm),,,
contig_70393,4708,true,0.12,0.0,,GACTC,Sackhole Middle (70 cm),,,
contig_70393,4859,false,0.04300423985463356,0.01012630666194903,0.0,GACTC,Sackhole Bottom (160 cm),,,
contig_70393,6327,false,0.5,0.0,0.06284658040665435,GAATC,Sackhole Bottom (160 cm),,,
contig_70393,6327,false,0.5,0.6666666666666666,0.06330014224751067,GAATC,Sackhole Bottom (160 cm),,,
contig_70393,4708,true,0.0,0.0,,GACTC,Sackhole Top (40 cm),,,
contig_70393,4708,true,0.051601423487544484,0.01125649075896188,0.25,GACTC,Sackhole Bottom (160 cm),,,
contig_70393,4940,false,,,0.07692307692307693,GAATC,Sackhole Top (40 cm),,,
contig_70393,4940,false,,,0.00624512099921936,GAATC,Sackhole Bottom (160 cm),,,
contig_70393,4708,true,0.0445468509984639,0.009645611444347588,0.0,GACTC,Sackhole Bottom (160 cm),,,
contig_70393,4940,false,,,0.0,GAATC,Sackhole Top (40 cm),,,
contig_70393,6535,false,0.24175824175824176,0.02888430407871766,0.012471655328798186,GAATC,Sackhole Bottom (160 cm),,,
contig_70393,7143,false,0.5,0.0,0.03266932270916335,GAATC,Sackhole Bottom (160 cm),,,
contig_70393,4940,false,,,0.0,GAATC,Sackhole Middle (70 cm),,,
contig_70393,4570,false,0.03076923076923077,0.026450720273459752,0.17647058823529413,GACTC,Sackhole Middle (70 cm),,,
contig_70393,4859,false,0.07142857142857142,0.015367727771679473,0.0,GACTC,Sackhole Top (40 cm),,,
contig_70393,4940,false,0.0,0.0,0.004335260115606936,GAATC,Sackhole Bottom (160 cm),,,
contig_70393,5431,false,,,0.1111111111111111,GAATC,Sackhole Top (40 cm),,,
contig_70393,4859,false,0.08333333333333333,0.0,,GACTC,Sackhole Middle (70 cm),,,
contig_70393,5385,false,,,0.023430962343096235,GAATC,Sackhole Bottom (160 cm),,,
contig_70393,4570,false,0.0,0.0,0.0,GACTC,Sackhole Top (40 cm),,,
contig_70393,5385,false,,,0.06965174129353234,GAATC,Sackhole Middle (70 cm),,,
contig_70393,4940,false,0.0,0.0,0.0,GAATC,Sackhole Top (40 cm),,,
contig_70393,4570,false,0.2222222222222222,0.13846153846153847,0.0,GACTC,Sackhole Top (40 cm),,,
contig_70393,6535,false,0.13541666666666666,0.012028567848640521,0.0224,GAATC,Sackhole Bottom (160 cm),,,
contig_70393,4859,false,0.034108527131782945,0.014445437058456117,0.0,GACTC,Sackhole Bottom (160 cm),,,
contig_70393,5385,false,,,0.03563941299790356,GAATC,Sackhole Bottom (160 cm),,,
contig_70393,4708,true,0.08,0.01447596988998263,,GACTC,Sackhole Top (40 cm),,,
contig_70393,4859,false,0.020161290322580645,0.01234465479765717,,GACTC,Sackhole Middle (70 cm),,,
contig_70393,6535,false,0.23076923076923078,0.0,0.023121387283236993,GAATC,Sackhole Middle (70 cm),,,
contig_70393,4570,false,0.0351493848857645,0.01639239311013729,0.11594202898550725,GACTC,Sackhole Bottom (160 cm),,,
contig_70393,7143,false,,,0.0,GAATC,Sackhole Middle (70 cm),,,
