contig_id	contig_length	kmer_freq	prediction_type	confidence_level	confidence_reason	repeat_length	repeat_count	repeat_n_freq	repeat_mode_base_freq	repeat_seq
contig_101937	2993	11.09	DTR	low	Multiple genome copies detected	268	9	0.0	0.35074626865671643	TCTCTTCCTTCTCAGGTGAAGCTTGTGTGGCAGACACAGCCCGGAGCGGGCTGCGCGCCATCACCCCTCGAGACGCCGCCCGATGCTGCCTTTTGGGAACAGGAGAACGTCTCCAAGTACCCTCCTAAACTCTCTCTCTTCCTTCTCAGGTGAAGCTTGTGTGGCAGACACAGCCCGGAGCGGGCTGCGCGCCATCACCCCTCGAGACGCCGCCCGATGCTGCCTTTTGGGAACAGGAGAACGTCTCCAAGTACCCTCCTAAACTCTC
contig_102350	5780	3.07	DTR	low	Multiple genome copies detected	31	82	0.0	0.5161290322580645	GACCTCCAACGAACTCCTCCCGACCTCCAAC
contig_102515	2517	1.0	ITR	not-determined	NA	21	1	0.0	0.5714285714285714	CCCCAAAACCCCAAAACCCCA
contig_104030	3108	3.51	DTR	low	Multiple genome copies detected	32	44	0.0	0.28125	GGAGATCCCAGTTATTTCGTGCGGAGATCCCA
contig_105527	2758	13.9	DTR	low	Multiple genome copies detected	1379	2	0.0	0.29441624365482233	CCACCCCTGAGAGCGTAGAGAGAGCAATATGCGAGGTGGTGTCGGGCCGCGTTTTGCGCAGGTTGCCGTGCCGCCTAGGGTATGGATTGGAGTAAGACGCAACAGTTTCGTTACAATTTCCTACAATCGATGTCACACACGAACCTGAGCGCGATACTCGGCCGTGAGCTCGTCTCTGCTCCCTGAGTATAGCATGTCCACCCCTGAGAGCGTAGAGAGAGCAATATGCGAGGTGGTGTCGGGCCGCGTTTTGCGCAGGTTGCCGTGCCGCCTAGGGTATGGATTGGAGTAAGACGCAACAGTTTCGTTACAATTTCCTACAATCGATGTCACACACGAACCTGAGCGCGATACTCGGCCGTGAGCTCGTCTCTGCTCCCTGAGTATAGCATGTCCACCCCTGAGAGCGTAGAGAGAGCAATATGCGAGGTGGTGTCGGGCCGCGTTTTGCGCAGGTTGCCGTGCCGCCTAGGGTATGGATTGGAGTAAGACGCAACAGTTTCGTTACAATTTCCTACAATCGATGTCACACACGAACCTGAGCGCGATACTCGGCCGTGAGCTCGTCTCTGCTCCCTGAGTATAGCATGTCCACCCCTGAGAGCGTAGAGAGAGCAATATGCGAGGTGGTGTCGGGCCGCGTTTTGCGCAGGTTGCCGTGCCGCCTAGGGTATGGATTGGAGTAAGACGCAACAGTTTCGTTACAATTTCCTACAATCGATGTCACACACGAACCTGAGCGCGATACTCGGCCGTGAGCTCGTCTCTGCTCCCTGAGTATAGCATGTCCACCCCTGAGAGCGTAGAGAGAGCAATATGCGAGGTGGTGTCGGGCCGCGTTTTGCGCAGGTTGCCGTGCCGCCTAGGGTATGGATTGGAGTAAGACGCAACAGTTTCGTTACAATTTCCTACAATCGATGTCACACACGAACCTGAGCGCGATACTCGGCCGTGAGCTCGTCTCTGCTCCCTGAGTATAGCATGTCCACCCCTGAGAGCGTAGAGAGAGCAATATGCGAGGTGGTGTCGGGCCGCGTTTTGCGCAGGTTGCCGTGCCGCCTAGGGTATGGATTGGAGTAAGACGCAACAGTTTCGTTACAATTTCCTACAATCGATGTCACACACGAACCTGAGCGCGATACTCGGCCGTGAGCTCGTCTCTGCTCCCTGAGTATAGCATGTCCACCCCTGAGAGCGTAGAGAGAGCAATATGCGAGGTGGTGTCGGGCCGCGTTTTGCGCAGGTTGCCGTGCCGCCTAGGGTATGGATTGGAGTAAGACGCAACAGTTTCGTTACAATTTCCTACAATCGATGTCACACACGAACCTGAGCGCGATACTCGGCCGTGAGCTCGTCTCTGCTCCCTGAGTATAGCATGT
contig_105697	2519	2.98	DTR	low	Multiple genome copies detected	839	3	0.0	0.3206197854588796	GTTGCAGCTATAACTGTAGTAGAAGCTATTGATCCAACTGAAATTAATAATTTACAAGATATATGTGAGGGTGGAACACCTGAAGAGTTAATCGTAACTAATACCTCTGGAGCAGGAAATGTAACCTACCAATGGTTCAGTAATGATGTAAACAGTAATCAAGACGGTGATATAATAGACGGAGCTATAAATGACACGTACACTCCTCCAGGACCATTTAACACCCCAGGAACTTTCTACTACTATGTTGAAATCTCAGACGATGCAGCCGGTTGTTCTATAGTAGCAAGTGAGGTGTATACCATTACTGTAGTGCCAGATCCTGAAGTAACTATAAACCCTGAAGGACCACTAGCATATTGCCAATTTGCAGAAGCAGATCTTCTGACAGCTACCTCTAGTGGAGGTGTTGGAACTGACTATGAATATAAATGGTACTTAACTACAGATACAGTTAACCCTGTTGAAACAGGCCCAGAATTTGAGCCACCAACTGATGTGGTAGGAGTATTTTCTTACTATGTTGAAATCACACAGCCTGCATCAGGATGTAGCAACGTGTCGATACCTGTAGGGGTGACCATAACCCTAGGACCTAGCATTACAACACAACCCGCTGATGATGCTGTGTGTATAGACGGTGTAACACAACCACTAACTGTTGCATACCAAGACGGAACCGGACCAGCAACTTATAAATGGTTTTTAATTCCAGACACACTTACCCCTGTTGGTGAAGACCCAACGTACCTGCCACCAACTGACGTAGCAGGAGTATTCTCTTACTATGTCGTGATATCATTCCAAGGAAATGGAGGATGCTCAGACATTACATCTGA
contig_106317	3825	7.01	DTR	low	Multiple genome copies detected	26	94	0.0	0.4230769230769231	ATGATGTGTATGATGTGTATGATGTG
contig_107833	4221	16.67	DTR	low	Multiple genome copies detected	46	16	0.0	0.2608695652173913	CGACTAGTCACTAGTGTGCCTGCTGCTGATGTAACAACCAGGTGAC
contig_108304	5784	1.08	DTR	high	AAI-based completeness > 90%	178	2	0.0	0.3595505617977528	GAGTGCAATATGCGACTTTCCAAGAAGAAAAGGAAGGACTGAATCATGAGGATTCAGTCACAAGTCTAGCTTGTCTAAGTAGACTTTTCAAGCATGTTAGTACTTTAACATAGCTAAGTAAATATAAGTTTCAAAGCTAACTGAGCTAAATGAACTTATTTCATGGTCTACATAGATC
contig_108318	8467	1.99	ITR	low	Multiple genome copies detected	1000	1	0.0	0.371	TTATAAAACATTCATATTCTTTAAATGATGTAATATACGTACAATGTATATTATATTATATAATTATGATTTTTCACATGTGATGAGTAAGTGCCACCCATAGTCTTTTTCTAGAGCTCGTATGAGTGCATCTGGCATAGTCTCAAACCATGACTCTTTTTTGTAACGATATTGTTTATATTCATCTACATTCCATTGAAAAATATGATCCTGATCGATATGTATGTTCACAAAATCTTTCAGAATCTCTCTCATATCGTCTTTTGTATATGTATTCGCGATAGGCACACCACTTTGTGCTTCAAACTGGTCCAATCCATGTGTGATACATGTATTTTTCCATGAATTAGATGCATACATCATGAGTTTAAACTGACCACCTGGTTTGAGCATATTATGAATATTTTTGATTGCTGATTCTAGGTCTTTGATATGATGTAACACGCCAAAACTATAGATAAGATCAAATTTCTTATCGGGTATCATGAATGATTGTATATCCCCTTCAAAAATGGTACCTTTTAGTCCATACACTTCCATTCGTTTCTTAGCGAGTTCAATACTATGTACAGAAACGTCTATACCGGTGTACCGTGCACCATGTTCAATGAAACTTTGTGCTGCTGTACCTATACCACACCCAACCTCGAGAATATCCTTATCTTTATACACTTCAAAATTAGCGAATGATTTGATGTGTGATTCGACAAAATACTTTCGCTTCGTCACCTCATCAAAATATTCTTTAGATCCGATTTCCTTATCAGAATGGTTAATGTTACATGGTCGATTATCCCAAAACTCTTTTACGGTATCGTTTATGTCACTCATATAATTATTAATACGTATACCCTTTATATCACTTTCTCATCAAAAATGACAATTGTCTAATCTTCTTCGCCTTAGCTTTATGTGATTCTTCATCACAATATACTGGACACCCAGGTTTATAATTCATATCATCAAATTCAGATTCGTCTACATCCTTCTTCATCGCCAT
contig_108571	71374	1.0	DTR	high	AAI-based completeness > 90%	324	2	0.0	0.35802469135802467	TATATGCCTAAATCCCCATCCCCTTTTCAAAACTTTGGACACCCTCCCCTAGTTTTCCTTTTACTATTTACAATAACTATTAATCAATACATACAATATATCATGATAACTATTATCATTACTACCATCATTGCTTACCTACTAATCACATATGGCTCGTTTAACACTACCAAGTGTACAACAGACATCAACAATGTAATCAATAAGTATAAAGATAGGAACAAACCATTCTAATACTATATAAAGAGAGACTATATGTCTCTTCTTTTAACATTATCTGTGGAAAATGTATAGTTATGGCGGATATAAGTGTAAGTGTGATAC
contig_111373	12731	1.0	ITR	not-determined	NA	20	1	0.0	0.6	CCCCAAAACCCCAAAACCCC
contig_112836	3191	1.0	ITR	not-determined	NA	21	1	0.0	0.5714285714285714	CCCCAAAACCCCAAAACCCCT
contig_113387	59668	1.01	DTR	high	AAI-based completeness > 90%	196	2	0.0	0.29081632653061223	GTTCCCACCCCCTTTTCAAGGGGGATGCTGAACTGGTTTGGCTGTGGGGTACCGCCGACCAAGACCCTCCCGAAGGGAGAGCCCGTGACGACGACGTAAAACCCCAGAATTCTGGAAGAATTAGCGCGCGTTAAGACCCCCCTGGGGTCTGGAGATCCGTTTCGGTTTCCTTGTGCGGGCGTGTACATATATACAT
contig_113471	3149	6.95	DTR	low	Multiple genome copies detected	1349	2	0.0	0.26464047442550037	GGGTGTTGAAGCAGAAGAGTTTGTGACCTGACTTGTTTGCAGCATTGCACATGGCGAGTCGGACCCCCGGGCCCAATCCCATATCTCATTGGGAATGCGGTCCCTATTCCACTGGCCACAGGGGTTTTCCGTGCGCCGTGTTGCAGGTTGCTTTCGTATGGGCCTTCTGTGTCAAAATTCGCCGGGACATTCAGATGCAGAGAAGATGCTGCCAAGCTACCAGAGCTAGCAGGAACTGTTCTTGACCTTGGCATGCTAGCTGTTCATATATTTTGAAAGTCAAGCCTGGCTCACTAGCAACCTGTCGGGCGATGAGGATCACAACCAATGCATAGTTCACTCGGACAAAGGCGTGACGATCCCAACAACGTCTTTCGCTCCTAGCTGAGCCTTCAGTCTAGTGCATGTTCTCTTGGGCTCTTGAAGACAAGGCTTACTCTCAGTAGTGTAGGGTGTTGAAGCAGAAGAGTTTGTGACCTGACTTGTTTGCAGCATTGCACATGGCGAGTCGGACCCCCGGGCCCAATCCCATATCTCATTGGGAATGCGGTCCCTATTCCACTGGCCACAGGGGTTTTCCGTGCGCCGTGTTGCAGGTTGCTTTCGTATGGGCCTTCTGTGTCAAAATTCGCCGGGACATTCAGATGCAGAGAAGATGCTGCCAAGCTACCAGAGCTAGCAGGAACTGTTCTTGACCTTGGCATGCTAGCTGTTCATATATTTTGAAAGTCAAGCCTGGCTCACTAGCAACCTGTCGGGCGATGAGGATCACAACCAATGCATAGTTCACTCGGACAAAGGCGTGACGATCCCAACAACGTCTTTCGCTCCTAGCTGAGCCTTCAGTCTAGTGCATGTTCTCTTGGGCTCTTGAAGACAAGGCTTACTCTCAGTAGTGTAGGGTGTTGAAGCAGAAGAGTTTGTGACCTGACTTGTTTGCAGCATTGCACATGGCGAGTCGGACCCCCGGGCCCAATCCCATATCTCATTGGGAATGCGGTCCCTATTCCACTGGCCACAGGGGTTTTCCGTGCGCCGTGTTGCAGGTTGCTTTCGTATGGGCCTTCTGTGTCAAAATTCGCCGGGACATTCAGATGCAGAGAAGATGCTGCCAAGCTACCAGAGCTAGCAGGAACTGTTCTTGACCTTGGCATGCTAGCTGTTCATATATTTTGAAAGTCAAGCCTGGCTCACTAGCAACCTGTCGGGCGATGAGGATCACAACCAATGCATAGTTCACTCGGACAAAGGCGTGACGATCCCAACAACGTCTTTCGCTCCTAGCTGAGCCTTCAGTCTAGTGCATGTTCTCTTGGGCTCTTGAAGACAAGGCTTACTCTCAGTAGTGT
contig_114947	4169	1.4	DTR	not-determined	NA	20	4	0.0	0.35	CCCTGGTACCTAGGGGGACC
contig_116300	3715	1.0	ITR	low	HMM-based completeness (upper-bound) < 80%	20	1	0.0	0.6	CCCCAAAACCCCAAAACCCC
contig_118543	2767	15.88	DTR	low	Multiple genome copies detected	1383	2	0.0	0.30007230657989875	GGCCTGCTTCCAAGCATGGCCGAGACTGTCTTGTCTATGGTCGTGACTGTCTTATATGTGGACGTGACTGTCTTAAATGGCCATGACTGTCTTTTATGTGCTATACAGGGGTACCTGCATGGCGACGCAGCGGACGTTGCTCTCGTGGCCCTCGAGAGTCACGGTGTTGATCGGGCCTGCTTCCAAGCATGGCCGAGACTGTCTTGTCTATGGTCGTGACTGTCTTATATGTGGACGTGACTGTCTTAAATGGCCATGACTGTCTTTTATGTGCTATACAGGGGTACCTGCATGGCGACGCAGCGGACGTTGCTCTCGTGGCCCTCGAGAGTCACGGTGTTGATCGGGCCTGCTTCCAAGCATGGCCGAGACTGTCTTGTCTATGGTCGTGACTGTCTTATATGTGGACGTGACTGTCTTAAATGGCCATGACTGTCTTTTATGTGCTATACAGGGGTACCTGCATGGCGACGCAGCGGACGTTGCTCTCGTGGCCCTCGAGAGTCACGGTGTTGATCGGGCCTGCTTCCAAGCATGGCCGAGACTGTCTTGTCTATGGTCGTGACTGTCTTATATGTGGACGTGACTGTCTTAAATGGCCATGACTGTCTTTTATGTGCTATACAGGGGTACCTGCATGGCGACGCAGCGGACGTTGCTCTCGTGGCCCTCGAGAGTCACGGTGTTGATCGGGCCTGCTTCCAAGCATGGCCGAGACTGTCTTGTCTATGGTCGTGACTGTCTTATATGTGGACGTGACTGTCTTAAATGGCCATGACTGTCTTTTATGTGCTATACAGGGGTACCTGCATGGCGACGCAGCGGACGTTGCTCTCGTGGCCCTCGAGAGTCACGGTGTTGATCGGGCCTGCTTCCAAGCATGGCCGAGACTGTCTTGTCTATGGTCGTGACTGTCTTATATGTGGACGTGACTGTCTTAAATGGCCATGACTGTCTTTTATGTGCTATACAGGGGTACCTGCATGGCGACGCAGCGGACGTTGCTCTCGTGGCCCTCGAGAGTCACGGTGTTGATCGGGCCTGCTTCCAAGCATGGCCGAGACTGTCTTGTCTATGGTCGTGACTGTCTTATATGTGGACGTGACTGTCTTAAATGGCCATGACTGTCTTTTATGTGCTATACAGGGGTACCTGCATGGCGACGCAGCGGACGTTGCTCTCGTGGCCCTCGAGAGTCACGGTGTTGATCGGGCCTGCTTCCAAGCATGGCCGAGACTGTCTTGTCTATGGTCGTGACTGTCTTATATGTGGACGTGACTGTCTTAAATGGCCATGACTGTCTTTTATGTGCTATACAGGGGTACCTGCATGGCGACGCAGCGGACGTTGCTCTCGTGGCCCTCGAGAGTCACGGTGTTGATC
contig_118617	3391	1.0	ITR	not-determined	NA	20	1	0.0	0.6	CCCCAAAACCCCAAAACCCC
contig_119048	2988	17.88	DTR	low	Multiple genome copies detected	1494	2	0.0	0.3433734939759036	CCGTGGTGCGCCTCATGGCAAACCGGACCCGGTTGACTGATCTACCAGGCCAATGGCTCCAATGCCAATCTAATGGCTCCAACGTGTGCCGAGTCCTCAGACCCTCTTCCCTCCCATCGACAGGCGATGTGTGAGCTGGTGCAGGATCCAGAGCGGACCGCCAACCCCGTGGTGCGCCTCATGGCAAACCGGACCCGGTTGACTGATCTACCAGGCCAATGGCTCCAATGCCAATCTAATGGCTCCAACGTGTGCCGAGTCCTCAGACCCTCTTCCCTCCCATCGACAGGCGATGTGTGAGCTGGTGCAGGATCCAGAGCGGACCGCCAACCCCGTGGTGCGCCTCATGGCAAACCGGACCCGGTTGACTGATCTACCAGGCCAATGGCTCCAATGCCAATCTAATGGCTCCAACGTGTGCCGAGTCCTCAGACCCTCTTCCCTCCCATCGACAGGCGATGTGTGAGCTGGTGCAGGATCCAGAGCGGACCGCCAACCCCGTGGTGCGCCTCATGGCAAACCGGACCCGGTTGACTGATCTACCAGGCCAATGGCTCCAATGCCAATCTAATGGCTCCAACGTGTGCCGAGTCCTCAGACCCTCTTCCCTCCCATCGACAGGCGATGTGTGAGCTGGTGCAGGATCCAGAGCGGACCGCCAACCCCGTGGTGCGCCTCATGGCAAACCGGACCCGGTTGACTGATCTACCAGGCCAATGGCTCCAATGCCAATCTAATGGCTCCAACGTGTGCCGAGTCCTCAGACCCTCTTCCCTCCCATCGACAGGCGATGTGTGAGCTGGTGCAGGATCCAGAGCGGACCGCCAACCCCGTGGTGCGCCTCATGGCAAACCGGACCCGGTTGACTGATCTACCAGGCCAATGGCTCCAATGCCAATCTAATGGCTCCAACGTGTGCCGAGTCCTCAGACCCTCTTCCCTCCCATCGACAGGCGATGTGTGAGCTGGTGCAGGATCCAGAGCGGACCGCCAACCCCGTGGTGCGCCTCATGGCAAACCGGACCCGGTTGACTGATCTACCAGGCCAATGGCTCCAATGCCAATCTAATGGCTCCAACGTGTGCCGAGTCCTCAGACCCTCTTCCCTCCCATCGACAGGCGATGTGTGAGCTGGTGCAGGATCCAGAGCGGACCGCCAACCCCGTGGTGCGCCTCATGGCAAACCGGACCCGGTTGACTGATCTACCAGGCCAATGGCTCCAATGCCAATCTAATGGCTCCAACGTGTGCCGAGTCCTCAGACCCTCTTCCCTCCCATCGACAGGCGATGTGTGAGCTGGTGCAGGATCCAGAGCGGACCGCCAACCCCGTGGTGCGCCTCATGGCAAACCGGACCCGGTTGACTGATCTACCAGGCCAATGGCTCCAATGCCAATCTAATGGCTCCAACGTGTGCCGAGTCCTCAGACCCTCTTCCCTCCCATCGACAGGCGATGTGTGAGCTGGTGCAGGATCCAGAGCGGACCGCCAACC
contig_119740	11592	12.26	DTR	low	Multiple genome copies detected	57	20	0.0	0.3684210526315789	AGGAATCCCATCGTCTGAGCCCTCGCAGAAACCTTCAACGGTTCCATCCACGATGCC
contig_120334	6482	1.0	ITR	not-determined	NA	20	1	0.0	0.6	CCCCAAAACCCCAAAACCCC
contig_122270	2669	16.87	DTR	low	Multiple genome copies detected	1256	2	0.0	0.3248407643312102	GGCGTCCTGTTCCGGGTCCTCGACGGAGACAGACACGTCGGCCGCATCGAGCCCGAGGCCTGAGTGAGTACTACCCTGCAACAGGGTAATCAGCACTACCCTGCTGCCTAAGGAAGGACTACCTACTGATTGGCGAGGCACCACCCAGTACCTGGTCGGCGTCCTGTTCCGGGTCCTCGACGGAGACAGACACGTCGGCCGCATCGAGCCCGAGGCCTGAGTGAGTACTACCCTGCAACAGGGTAATCAGCACTACCCTGCTGCCTAAGGAAGGACTACCTACTGATTGGCGAGGCACCACCCAGTACCTGGTCGGCGTCCTGTTCCGGGTCCTCGACGGAGACAGACACGTCGGCCGCATCGAGCCCGAGGCCTGAGTGAGTACTACCCTGCAACAGGGTAATCAGCACTACCCTGCTGCCTAAGGAAGGACTACCTACTGATTGGCGAGGCACCACCCAGTACCTGGTCGGCGTCCTGTTCCGGGTCCTCGACGGAGACAGACACGTCGGCCGCATCGAGCCCGAGGCCTGAGTGAGTACTACCCTGCAACAGGGTAATCAGCACTACCCTGCTGCCTAAGGAAGGACTACCTACTGATTGGCGAGGCACCACCCAGTACCTGGTCGGCGTCCTGTTCCGGGTCCTCGACGGAGACAGACACGTCGGCCGCATCGAGCCCGAGGCCTGAGTGAGTACTACCCTGCAACAGGGTAATCAGCACTACCCTGCTGCCTAAGGAAGGACTACCTACTGATTGGCGAGGCACCACCCAGTACCTGGTCGGCGTCCTGTTCCGGGTCCTCGACGGAGACAGACACGTCGGCCGCATCGAGCCCGAGGCCTGAGTGAGTACTACCCTGCAACAGGGTAATCAGCACTACCCTGCTGCCTAAGGAAGGACTACCTACTGATTGGCGAGGCACCACCCAGTACCTGGTCGGCGTCCTGTTCCGGGTCCTCGACGGAGACAGACACGTCGGCCGCATCGAGCCCGAGGCCTGAGTGAGTACTACCCTGCAACAGGGTAATCAGCACTACCCTGCTGCCTAAGGAAGGACTACCTACTGATTGGCGAGGCACCACCCAGTACCTGGTCGGCGTCCTGTTCCGGGTCCTCGACGGAGACAGACACGTCGGCCGCATCGAGCCCGAGGCCTGAGTGAGTACTACCCTGCAACAGGGTAATCAGCACTACCCTGCTGCCTAAGGAAGGACTACCTACTGATTGGCGAGGCACCACCCAGTACCTGGTC
contig_122541	64064	1.0	DTR	high	AAI-based completeness > 90%	180	2	0.0	0.37222222222222223	AATCTTCATACCTACTTTAAATAAAGTTTAGTCTTGTCTAAACATTAGTTTGTGTATATCGAAATCTAAAATTAGTTTATACTTAATTATATATAAGGAATCCCTAAACATATAAACACACCTACCCCATCTAGAAAGTTCGTTTAGGTAAAAGGTTTTGTATGGTGCTGTATAGTATAT
contig_123447	3057	1.0	ITR	not-determined	NA	20	1	0.0	0.6	CCCCAAAACCCCAAAACCCC
contig_124586	3679	15.84	DTR	low	Multiple genome copies detected	227	13	0.0	0.2907488986784141	GTCTGTAAAGCAACTCGGCTGGCTTCCAATGCCCTTGTTCCACGTCTTCTGGTGTCTGGGCAACACCTGGAGGATGTTGCCGTACCCGACGAGTGCTTCGACGTTGCTCGGATCCAGGAGAAGGCTCCGTCTGTAAAGCAACTCGGCTGGCTTCCAATGCCCTTGTTCCACGTCTTCTGGTGTCTGGGCAACACCTGGAGGATGTTGCCGTACCCGACGAGTGCTTC
contig_124865	5611	14.79	DTR	low	Multiple genome copies detected	519	6	0.0	0.35067437379576105	ATAAGGACATGCCATAAGGAGATGCCATAAGGAGCCGCCATAAGGATGTGCCATAAGGAGCTACCATAAGGAGATGCCATTAGGACATGCCAACATGTGCCATAAGGACATGCCAACATGTGCCATAAGGACATGCCATAAGGAGATGCCATAAGGAGCCGCCATAAGGATGTGCCATAAGGAGCTACCATAAGGAGATGCCATTAGGACATGCCAACATGTGCCATAAGGACATGCCAACATGTGCCATAAGGACATGCCATAAGGAGATGCCATAAGGAGCCGCCATAAGGATGTGCCATAAGGAGCTACCATAAGGAGATGCCATTAGGACATGCCAACATGTGCCATAAGGACATGCCAACATGTGCCATAAGGACATGCCATAAGGAGATGCCATAAGGAGCCGCCATAAGGATGTGCCATAAGGAGCTACCATAAGGAGATGCCATTAGGACATGCCAACATGTGCCATAAGGACATGCCAACATGTGCCATAAGGACATGCCATAAGGAGAT
contig_124977	3238	1.0	ITR	not-determined	NA	21	1	0.0	0.5714285714285714	CCCCAAAACCCCAAAACCCCA
contig_125172	3903	1.0	ITR	not-determined	NA	21	1	0.0	0.5714285714285714	CCCCAAAACCCCAAAACCCCG
contig_125668	2974	1.0	ITR	not-determined	NA	20	1	0.0	0.6	CCCCAAAACCCCAAAACCCC
contig_125858	4793	11.79	DTR	low	Multiple genome copies detected	113	32	0.0	0.2920353982300885	GTCTCTCAAAAGATCGCACTGTCTGATGTGTGCGATGGATGATGTCAGTGTGAAACGGTCTCTCAAAAGATCGCACTGTCTGATGTGTGCGATGGATGATGTCAGTGTGAAAC
contig_126424	575	7.71	DTR	low	Multiple genome copies detected	287	2	0.0	0.5156794425087108	TTGTTGAATGGTTTAATGGTTGTAGGCTGTTGATGGTTGTTTAATGGTTGTTGGTTGTTAATGGTTGTTTTGTTGTTGAATGGTTTAATGGTTGTAGGCTGTTGATGGTTGTTTAATGGTTGTTGGTTGTTAATGGTTGTTTTGTTGTTGAATGGTTTAATGGTTGTAGGCTGTTGATGGTTGTTTAATGGTTGTTGGTTGTTAATGGTTGTTTTGTTGTTGAATGGTTTAATGGTTGTAGGCTGTTGATGGTTGTTTAATGGTTGTTGGTTGTTAATGGTTGTTTT
contig_127088	3591	20.88	DTR	low	Multiple genome copies detected	1710	2	0.0	0.3567251461988304	GCCTACCGAAGGGCTCGTAACCTGCCCGTCGTTGCTGACACAAAAAGAGTATGGTGGCAGCGAGGCTGGGACCAGGCTCGTAACCTGTTGTCTCTCCCTGGTGGCAGTGAGAAAGGGGCGTTCGACCAGTCGTCGCAGGAGGAGGTAGAGAGCGAGCGACTCGCTGACGTGGCCTACCGAAGGGCTCGTAACCTGCCCGTCGTTGCTGACACAAAAAGAGTATGGTGGCAGCGAGGCTGGGACCAGGCTCGTAACCTGTTGTCTCTCCCTGGTGGCAGTGAGAAAGGGGCGTTCGACCAGTCGTCGCAGGAGGAGGTAGAGAGCGAGCGACTCGCTGACGTGGCCTACCGAAGGGCTCGTAACCTGCCCGTCGTTGCTGACACAAAAAGAGTATGGTGGCAGCGAGGCTGGGACCAGGCTCGTAACCTGTTGTCTCTCCCTGGTGGCAGTGAGAAAGGGGCGTTCGACCAGTCGTCGCAGGAGGAGGTAGAGAGCGAGCGACTCGCTGACGTGGCCTACCGAAGGGCTCGTAACCTGCCCGTCGTTGCTGACACAAAAAGAGTATGGTGGCAGCGAGGCTGGGACCAGGCTCGTAACCTGTTGTCTCTCCCTGGTGGCAGTGAGAAAGGGGCGTTCGACCAGTCGTCGCAGGAGGAGGTAGAGAGCGAGCGACTCGCTGACGTGGCCTACCGAAGGGCTCGTAACCTGCCCGTCGTTGCTGACACAAAAAGAGTATGGTGGCAGCGAGGCTGGGACCAGGCTCGTAACCTGTTGTCTCTCCCTGGTGGCAGTGAGAAAGGGGCGTTCGACCAGTCGTCGCAGGAGGAGGTAGAGAGCGAGCGACTCGCTGACGTGGCCTACCGAAGGGCTCGTAACCTGCCCGTCGTTGCTGACACAAAAAGAGTATGGTGGCAGCGAGGCTGGGACCAGGCTCGTAACCTGTTGTCTCTCCCTGGTGGCAGTGAGAAAGGGGCGTTCGACCAGTCGTCGCAGGAGGAGGTAGAGAGCGAGCGACTCGCTGACGTGGCCTACCGAAGGGCTCGTAACCTGCCCGTCGTTGCTGACACAAAAAGAGTATGGTGGCAGCGAGGCTGGGACCAGGCTCGTAACCTGTTGTCTCTCCCTGGTGGCAGTGAGAAAGGGGCGTTCGACCAGTCGTCGCAGGAGGAGGTAGAGAGCGAGCGACTCGCTGACGTGGCCTACCGAAGGGCTCGTAACCTGCCCGTCGTTGCTGACACAAAAAGAGTATGGTGGCAGCGAGGCTGGGACCAGGCTCGTAACCTGTTGTCTCTCCCTGGTGGCAGTGAGAAAGGGGCGTTCGACCAGTCGTCGCAGGAGGAGGTAGAGAGCGAGCGACTCGCTGACGTGGCCTACCGAAGGGCTCGTAACCTGCCCGTCGTTGCTGACACAAAAAGAGTATGGTGGCAGCGAGGCTGGGACCAGGCTCGTAACCTGTTGTCTCTCCCTGGTGGCAGTGAGAAAGGGGCGTTCGACCAGTCGTCGCAGGAGGAGGTAGAGAGCGAGCGACTCGCTGACGTGGCCTACCGAAGGGCTCGTAACCTGCCCGTCGTTGCTGACACAAAAAGAGTATGGTGGCAGCGAGGCTGGGACCAGGCTCGTAACCTGTTGTCTCTCCCTGGTGGCAGTGAGAAAGGGGCGTTCGACCAGTCGTCGCAGGAGGAGGTAGAGAGCGAGCGACTCGCTGACGTG
contig_127287	6012	1.0	ITR	not-determined	NA	20	1	0.0	0.6	CCCCAAAACCCCAAAACCCC
contig_128233	3040	1.62	DTR	low	Multiple genome copies detected	72	3	0.0	0.3472222222222222	AATGAATTTGTACATACTCAAAATTCGTAACACGGGCCGCAACTTTTCGAGATTGCTCAGATCGAGAAGCAA
contig_133446	3080	6.95	DTR	low	Multiple genome copies detected	1320	2	0.0	0.2840909090909091	AGCGTTCCCAATAGCTCCAAGTGAGTTCTTATGGGCGAGGTACCCCTGTAAGACTCGACTGTCTGGCTGTGCGCTGAATCAAATAGAGTGGGTTGCTGTCCTTAATTAAACCGGAGCCTGTACTGCTGGCCAAGTAACGAGAGTAAAGAAGAAGAAGAAGAAGACTCTACCTTGACTGTCTTATACGCAGATGAAGGAGCGGACGTTAGAAGCGACACGGGGCACCGAGATTCGTCACCGTTACTCGATTAAAGGTCCTCACTCATGGCTGTTCAACCAACAACTTTTGGGACCTTTGCACGGAGTCGAAATGCCCGAACAGGTTGTGTCTGTGAGGGTTGGTGGAACCCCAATTTTGTACCAGAGAAAGTAGAAGGAGATAAAGAGATTGAGCAGTCTGTGAGGGTTAACGTACACACAGTAAGGACGCTGGCAAAGCCAGCGTTCCCAATAGCTCCAAGTGAGTTCTTATGGGCGAGGTACCCCTGTAAGACTCGACTGTCTGGCTGTGCGCTGAATCAAATAGAGTGGGTTGCTGTCCTTAATTAAACCGGAGCCTGTACTGCTGGCCAAGTAACGAGAGTAAAGAAGAAGAAGAAGAAGACTCTACCTTGACTGTCTTATACGCAGATGAAGGAGCGGACGTTAGAAGCGACACGGGGCACCGAGATTCGTCACCGTTACTCGATTAAAGGTCCTCACTCATGGCTGTTCAACCAACAACTTTTGGGACCTTTGCACGGAGTCGAAATGCCCGAACAGGTTGTGTCTGTGAGGGTTGGTGGAACCCCAATTTTGTACCAGAGAAAGTAGAAGGAGATAAAGAGATTGAGCAGTCTGTGAGGGTTAACGTACACACAGTAAGGACGCTGGCAAAGCCAGCGTTCCCAATAGCTCCAAGTGAGTTCTTATGGGCGAGGTACCCCTGTAAGACTCGACTGTCTGGCTGTGCGCTGAATCAAATAGAGTGGGTTGCTGTCCTTAATTAAACCGGAGCCTGTACTGCTGGCCAAGTAACGAGAGTAAAGAAGAAGAAGAAGAAGACTCTACCTTGACTGTCTTATACGCAGATGAAGGAGCGGACGTTAGAAGCGACACGGGGCACCGAGATTCGTCACCGTTACTCGATTAAAGGTCCTCACTCATGGCTGTTCAACCAACAACTTTTGGGACCTTTGCACGGAGTCGAAATGCCCGAACAGGTTGTGTCTGTGAGGGTTGGTGGAACCCCAATTTTGTACCAGAGAAAGTAGAAGGAGATAAAGAGATTGAGCAGTCTGTGAGGGTTAACGTACACACAGTAAGGACGCTGGCAAAGCC
contig_134386	4364	54.99	DTR	low	Multiple genome copies detected	1230	2	0.0	0.4	GCATTGCATTGCATTGCATTGCATTGCATTGCATTGCATTGCATTGCATTGCATTGCATTGCATTGCATTGCATTGCATTGCATTGCATTGCATTGCATTGCATTGCATTGCATTGCATTGCATTGCATTGCATTGCATTGCATTGCATTGCATTGCATTGCATTGCATTGCATTGCATTGCATTGCATTGCATTGCATTGCATTGCATTGCATTGCATTGCATTGCATTGCATTGCATTGCATTGCATTGCATTGCATTGCATTGCATTGCATTGCATTGCATTGCATTGCATTGCATTGCATTGCATTGCATTGCATTGCATTGCATTGCATTGCATTGCATTGCATTGCATTGCATTGCATTGCATTGCATTGCATTGCATTGCATTGCATTGCATTGCATTGCATTGCATTGCATTGCATTGCATTGCATTGCATTGCATTGCATTGCATTGCATTGCATTGCATTGCATTGCATTGCATTGCATTGCATTGCATTGCATTGCATTGCATTGCATTGCATTGCATTGCATTGCATTGCATTGCATTGCATTGCATTGCATTGCATTGCATTGCATTGCATTGCATTGCATTGCATTGCATTGCATTGCATTGCATTGCATTGCATTGCATTGCATTGCATTGCATTGCATTGCATTGCATTGCATTGCATTGCATTGCATTGCATTGCATTGCATTGCATTGCATTGCATTGCATTGCATTGCATTGCATTGCATTGCATTGCATTGCATTGCATTGCATTGCATTGCATTGCATTGCATTGCATTGCATTGCATTGCATTGCATTGCATTGCATTGCATTGCATTGCATTGCATTGCATTGCATTGCATTGCATTGCATTGCATTGCATTGCATTGCATTGCATTGCATTGCATTGCATTGCATTGCATTGCATTGCATTGCATTGCATTGCATTGCATTGCATTGCATTGCATTGCATTGCATTGCATTGCATTGCATTGCATTGCATTGCATTGCATTGCATTGCATTGCATTGCATTGCATTGCATTGCATTGCATTGCATTGCATTGCATTGCATTGCATTGCATTGCATTGCATTGCATTGCATTGCATTGCATTGCATTGCATTGCATTGCATTGCATTGCATTGCATTGCATTGCATTGCATTGCATTGCATTGCATTGCATTGCATTGCATTGCATTGCATTGCATTGCATTGCATTGCATTGCATTGCATTGCATT
contig_135364	3809	4.97	DTR	low	Multiple genome copies detected	762	3	0.0	0.3661417322834646	CATACTTACAGTTGGTCCTTGAGTTGGGCCACCTGTCGGCATAACGGTTGGGCCGGATGTAGGACGAGAAGTGGGTCCAGAGGTGGGACCGGAGGTGGGTCCAGAGGTGGGTCCGGAGGCGGGACCAGAAGTGGGACCACTTGTAGGACCGGAAGTGGGTCCGGACGTGGGACCTGATGTGGGACCACTGGTTGGTCCAGAAGTAGGGCCAGATGTGGGTCCACTGGTTGGACCACCTGTTGGGTGCATACTCACAGTTGGACCCGACGTGGGTCCACTCGTTGGACCACCTGTTGGGTGCATACTCACAGTTGGTCCCGACGTGGGTCCGCTGGTCGGACCACCTGTTGGGTGCATACTTACAGTTGGTCCCGACGTGGGTCCACTCGTTGGACTGCCTGTTGGCTGCATACTTACAGTTGGCCCTTCAGTTGGTCCACCTGTCGGCATCGAGGTAGGACCGGATGTAGGCCCGGATGTGGGTCCAGAGGTGGGTCCGGAGGTGGAACCGGAAATGGGATCAGAGGTGGGACCACTGGTAGGACCAGAAGTGGGACCGGAAGTGATACCAGAGGCGGGACCACTAGTAGGACCGGAAGTTGGTCCAGATGTGGGACCGGAAGTAGGTCCGCTGGTGGGACCACCTGTTGGCTGCATACTTACAGTTGGTCCCGACGTGGGGCTACTGGTTGGACCAACTGTTGGCTGCATACTTACAGTTGGTCCCGACGTGGGTCCACTGGTTGGACCACCTGTTGGCTG
contig_135486	37564	1.01	DTR	not-determined	NA	443	2	0.0	0.45372460496614	ATGGAGATAAAATTGTAGAAACTTGGTTAATTGAGAATCCAGAAATGAATCGTTTATTAGGAAACTTAATTACAAAAGATACAAAAAACATTGAAAACTTAGCGCATAAAACGTCTGGTAGAGTTGCTATTTTACCAATTAAGCAGCAAAAGAGTTTCTATAAAAATATTCTAAACCAATACCATACAGAAGTTGCAAGACTTATACAAAATGGAGAATATGATTTAGAATTAGAAAACATGAATTTAGAAGCCGAAACCAAAGACAAAAAAGTAGTTGTTGTTGGTAAAAATTCTAATTCCGTTTTTGGAGGAAACACCTATTTAGAAAAATGCGAAGTAAACAATTTAAGTAAACCCTATTCGAAAAAAGAAATTTTAGAAATGCTTGAAAAAGCAGATTTTAAAAATACAGCCGAAAAGAAAAAAACAATGTTAGCTATG
contig_135773	2625	15.51	DTR	low	Multiple genome copies detected	1225	2	0.0	0.3314285714285714	TCGCGGCGCCATGCACGTTCTCGTCTCTCTCGCTACACGTGCATGGCTCTCGGGCGAATGCAGGAGTTCCCCGCACCAAGGGTCGCCCCACGTGGGGCGACTTGATCACATACCCCTACACAGCCTGGTGTATGTGAGAGACGAGAACGTGCATGGCGCCGCTGGCGCATGGCTCTCGCGGCGCCATGCACGTTCTCGTCTCTCTCGCTACACGTGCATGGCTCTCGGGCGAATGCAGGAGTTCCCCGCACCAAGGGTCGCCCCACGTGGGGCGACTTGATCACATACCCCTACACAGCCTGGTGTATGTGAGAGACGAGAACGTGCATGGCGCCGCTGGCGCATGGCTCTCGCGGCGCCATGCACGTTCTCGTCTCTCTCGCTACACGTGCATGGCTCTCGGGCGAATGCAGGAGTTCCCCGCACCAAGGGTCGCCCCACGTGGGGCGACTTGATCACATACCCCTACACAGCCTGGTGTATGTGAGAGACGAGAACGTGCATGGCGCCGCTGGCGCATGGCTCTCGCGGCGCCATGCACGTTCTCGTCTCTCTCGCTACACGTGCATGGCTCTCGGGCGAATGCAGGAGTTCCCCGCACCAAGGGTCGCCCCACGTGGGGCGACTTGATCACATACCCCTACACAGCCTGGTGTATGTGAGAGACGAGAACGTGCATGGCGCCGCTGGCGCATGGCTCTCGCGGCGCCATGCACGTTCTCGTCTCTCTCGCTACACGTGCATGGCTCTCGGGCGAATGCAGGAGTTCCCCGCACCAAGGGTCGCCCCACGTGGGGCGACTTGATCACATACCCCTACACAGCCTGGTGTATGTGAGAGACGAGAACGTGCATGGCGCCGCTGGCGCATGGCTCTCGCGGCGCCATGCACGTTCTCGTCTCTCTCGCTACACGTGCATGGCTCTCGGGCGAATGCAGGAGTTCCCCGCACCAAGGGTCGCCCCACGTGGGGCGACTTGATCACATACCCCTACACAGCCTGGTGTATGTGAGAGACGAGAACGTGCATGGCGCCGCTGGCGCATGGCTCTCGCGGCGCCATGCACGTTCTCGTCTCTCTCGCTACACGTGCATGGCTCTCGGGCGAATGCAGGAGTTCCCCGCACCAAGGGTCGCCCCACGTGGGGCGACTTGATCACATACCCCTACACAGCCTGGTGTATGTGAGAGACGAGAACGTGCATGGCGCCGCTGGCGCATGGCTC
contig_135966	2744	3.97	DTR	low	Multiple genome copies detected	1372	2	0.0	0.2725947521865889	GGCCACTCGACGCCTGGACCTCTACTTTTGCTGCTGGCAACACAGCGGCGCCAGTAGAAACACTCATTCCATAGCGCTCGCTTCTTCAATTCAATCTTCGAGGAGCCAGCTCCTTCTTCAAGACGCCTTTAATATCATCTCGTCATCCAAATCCAGTAGCATCCAACCCCTGAAGTCCAATCCCACTGTCCCTCGTCTAAGTTCTCAGTAATTATGATCATCAGAGAGCTCATCTCATGAGGACACTGATGTTTTGGTGCTCGAGTTAGTCACTAGGTACGGTAAATACCGGTATACCGGTCCGTATACCGGTGTGCGTTTGAGCCTTATTGTCATCCTCTGCTGCTCCTATTTGATATAGGCTCAACGGTAAGCTAGATGAGATGCAAATGATAGGTTTTGGTACCATTGGTTGACTTCAAGGTCACAAATGGACACATGTCGTCGCTTATTGCGGAGGAAGCGCATTGTCTTTAGTAGGCTGGTTCGTGCGAGCGTTGCGATCTCTTCATTGAGGAGGGCCACCGTTCGTCGTCAACCGAAGCAAAAACGATAGCACTACGTTTTGTTGGATGTCACCTTCCCCTCCGAGCACACGACGACTTGACTTGCGGTTGTGAGAGAGTATAAGCAATCACCTAGCTTGCTGAACGACCCCCTTCCTTCCCAAGTTGAGAAGACAGAGCGGCCACTCGACGCCTGGACCTCTACTTTTGCTGCTGGCAACACAGCGGCGCCAGTAGAAACACTCATTCCATAGCGCTCGCTTCTTCAATTCAATCTTCGAGGAGCCAGCTCCTTCTTCAAGACGCCTTTAATATCATCTCGTCATCCAAATCCAGTAGCATCCAACCCCTGAAGTCCAATCCCACTGTCCCTCGTCTAAGTTCTCAGTAATTATGATCATCAGAGAGCTCATCTCATGAGGACACTGATGTTTTGGTGCTCGAGTTAGTCACTAGGTACGGTAAATACCGGTATACCGGTCCGTATACCGGTGTGCGTTTGAGCCTTATTGTCATCCTCTGCTGCTCCTATTTGATATAGGCTCAACGGTAAGCTAGATGAGATGCAAATGATAGGTTTTGGTACCATTGGTTGACTTCAAGGTCACAAATGGACACATGTCGTCGCTTATTGCGGAGGAAGCGCATTGTCTTTAGTAGGCTGGTTCGTGCGAGCGTTGCGATCTCTTCATTGAGGAGGGCCACCGTTCGTCGTCAACCGAAGCAAAAACGATAGCACTACGTTTTGTTGGATGTCACCTTCCCCTCCGAGCACACGACGACTTGACTTGCGGTTGTGAGAGAGTATAAGCAATCACCTAGCTTGCTGAACGACCCCCTTCCTTCCCAAGTTGAGAAGACAGAGC
contig_136058	62784	1.01	DTR	high	AAI-based completeness > 90%	347	2	0.0	0.36023054755043227	GCACTGTGACTCTTTGTCATGACACAATGTCACGTGACTAATTGTCATAGTTATTTGAGCGTAAGAATGTAGCGAGTAAAGCGATTGGTATTGCGATAAGAAGTAAAAGCATATTGATATGTAAGTTATTATTATTAAGTTAATGTATGTTAGTTTGTTTCGTTATTTATTATATTATCAATGTAACTTCGTATTAAGTTTGTATATATTTTAGAATAAGTTTTGTGAATATTTAAAGAAATGTATCGAAAAAATGATATATATACGCGTAACTCGCTGAAACTCAGGGGGCTAACCAATTTGAAAACGATTTTACGTAGACAGTTGATAGTCAGATAGATAGGTGC
contig_136415	15912	2.0	DTR	low	Multiple genome copies detected	7956	2	0.0	0.4034690799396682	TTTACTTAAGAATGCCAGTTGATTTTACTACCTTAAGAATAAGGGAGTATGATGCAAGTAAAATTCTTAATAATATGACTTTAGATTTCCCCCTTAATGTGGATAATAAAACGGGGGTTATTTTCGACAATAAGAGAGTTGCAAAGCATCATTTTTGTAAGGTTATTATTTATGACACTGGAGCAGTTTATTTTAAAGGTAGCTTGCACAAAATGTATAATTCGTTAGAAGGGATTTATGCACCTAACTATGATGAGAAAAGACCTTATAGTGGCTTTAATGGTAATGAGTTTACTTATGAAAACCTTTGTTTTGTCATTAGGTATTTAGAATTATTATTTGGGGTAGATAGTAGTTGTTTTATTTTACAAAAAATAGAAATTGGCTTAAATCTTCAAATTTCAGTTAACCCTAAAAATATTATATCAAATTTATTGGAATCTGGTGGTAAGAAATTTGAACTTAAATATGAAGAAAATTTTGCTCAATTAGTTAAAGAGCAGTATGTCTTAAAAATTTACAACAAAGGGAATCAATATGGAATGAATGGAAATATTTTGAGAGTAGAAATAAAATCTAAACGAATGAGAGAATTCCAAACAGCAGGTTTCAAAACATTAAAAGACTTAACTATTGAAGCTTTAAACAAAGCTATTTTAAGACTTCTTAACCGTTGGAATAGTGTCTTACTCTATGATTATACTATTAATAAAAACAAGCTGAACAAAAGGCAAAATATCGAATTAGAAAATAAATTTCAACATTCTAAATATTGGATATTAATAAAGGCTAATAACAAAGACAAGCCTAGGAAAAAATATTTAAAAATAGTTCAAGATTTTTCAGCTAACATACACAAAGAGATAGCTATAAAAATCGAAAACACTAATATTTCACACTTCAATTAGATTGTGAATAATTACTCTTAAAACAATTAAAACAATTAAAAATAATCAAAATAAAAAGTTCACAAAAGTTGACAGATTACGAAAACCTAAATTTTGTATCTGAATTAAAAGAATATTTAACTCTTAAACCTTAAAACAAATATGAAGTTGATAAAAATTTAAGGCGGAGAATTGAACAAGCGTTCAATGATGTAAGTTTACGACAACGTAAAACACCGTCATTTTAAAGCATAAATAACAATTAATAATAACGTTTAAAACAGCTTATTCAATTAACTATAGTTTCAGTTGTTAGGAATTGATTATGTTTGTAAAAAAGAATTAATATGAACAAACTATTATTTATTTTACTATTTATTCCACTAACTTTATTTAGTCAAGAAGATAAGGAAGATAAAGAAGAGAAAACTGAACCTACTTTCAAAATTACCACTAAAAAAGGGTGAGGTTATAAGAACAAAAAGTTATAATGTAAGTGAGGAAAGAAAAGTAACTGATATTCTTACGATTGAAGGAAAAGTATTCAGGATTAATTCAAGTGAAATTAGTTCGATTATAGAAATTAAAGAGGGTTGGGATTATTTTAAATTTAGTGAAGATGGATTTACTGATTATGCTGTTGTTGTTGTAGATTCTTTGTCTAAAGAAAATTTATACATACAAGTTAAAAACTGGGTTTTAGATACTTATAATACACCTTCAGAAGTAATTAAATCTGAAATTAAAAATAAAAAAATACGCATAGAAGGAAGTAAATCCAATGGTATGGAACTAAAGGGAATGTTAGGCTTGTCAAATTATTATAATATTAGATATTCAATAGAAATATCAGTTCGGGACGGAAAATATAAATTTGATCCAATTAGTTTAGAATATTACATTCCTTATAGTAAGTACGTTTCGGCAAGATGGGTGGATTTATTTATTTTTAATGAAGAATCCTTGTCCTCATTTTATTACCAAAAAGGCAGGAAAAAAGGAAGAATACAATCTACTTTCTCTTCAATTCCAAGTATTGTAGAGAATCATTTCGATAATTTAAATGTTAGTTTATTTAATTACATAAATAAAAACAAACACAGCTCTGAAGAAAATTCAGATGATGACTGGTAGAAAATTACTGTAATATCAAGCATAGAACCTCCCTTAAGTGGAGGTTTTTTCTTTTATTTTACAATCTCAATCTGAAACTTTGTTGGCATTTGATTGATACTTAAATAATCATTTTAGACATTATAAACAATAATATCTTCTTGAAAAATAATACTTGTCTCGGTTACCTAAATAAGTTTTTAAATGGCTTTAATTAACTCTTCTACAGCGTCTTTTATTTGATTTTAATACTGTCAAAATGTACGTCTTTGTTTTAATATTTTGATTGTATCCTAAAACAAATATAAAAATATAGTATTATTACGATAGATTAGTTTTAAATATTTCAGTTAACTAATTTAAACAGATTAATGAAATTATACGAGTTTAATCTTATAGACATAAATCATCAAATGAAAATCTTTAATAAGCAAGGAATCTATTTAGATAATCATATCACTAAATATGAAAAGTTTAATCTTTATGCTATTAATATGTTTTTTGTTGAGGTTTGTTATAACTCATTAGTAAAAACAATTTTACTTTTAAACTTTTTATGAGGCTAATGAATCTATTGATATTAATGCCAGTTGATAACCTAAACTAATTTGACCTATATTTGATAAAACTCATTGCTAGAATTGTTAGTTAATCCATCAAAAAATTAATGCTTAAAAAACTTGTTTCTTCAAATATTTTTGAAAGATTTATTTATTCTTTGATAATAATAAATCTAATTGTTATGGTCATTGAGTCTGAACCAGAGATAAACTCTGCGTTTAATCTATATTTTTCTTATTTTGAAACATTTTCAATTGTGGTTTTTACATTTGAATATATTATTAGAACCATTGAGTCTTTTAAAAATAAAAAGAAATATAATACTTCATTTTTTGGCTTAATAGATGTTTTATCAATACTGCCTTACTACTTTCAAGCAATCTTAGGCTTTGATGGCAGGTTTGTAAGAATTTTTAGGCTCTTTAGAGTATCAAGAATAATAAAATTAGGAAGATTTAGTAAATCCTTTGATTTATTAGGAAAAGGTATTAATAATGTTAAAGTAGAATTATACTTAACATTTTCAATTGCATTTGTTTTATTGTTCTTCTCTGCAGCTGGTATTTATTTTATTGAAAACGAAGTTCAGCCAGAAAACTTTAGAAGTATCATATCTTCTTTTTGGTGGGCAGTCGCTTCTTTAACTGGCGTGGGTTTTGAGGAAATATACCCAATTACATTTGGTGGTAAAATATTTGCATCTATAATAGCTCTGATTGGTGTAGGTGTAGTAGCGGTTCCAACTGGAATTATAAGTGCATCATTTGTTGAAATAATTAACGAGGATAATCTAAATAAAAATGGATAGTAAAAAAGTAAAACAAATAGTAAACCTTTTAAAAAAAACATTAGCAAATTGGGATTTTGAAAAAGCAATTAAATATAGCTTAGACGAATCTCAAACTCGAGATAATTTAATTCATCCGTTTTTGGACATATTAAATTATCAGAAGATGGATGATTATAGTCACGAATTTGTGGCTGATATGGGAGAAAAAAGGGGTAAAAAGGTTGATGTTGCCATTTTTTTAGGAAAGAAAACACCTTCAATTATTGTGGAGTGTAAAAAGGCTACTGCTAAATTAACTGAAATAAACTTCAGACAACTAAACGAGTATTGTTTGTATACACCCTCTGCAAAAATAGGAATACTTACCAATGGAATTATTTATAATTTCTATTCACGAAGTAATGATAGTGATACAATCTTAAATGAAACACCATTTTTTGTTTTTGACTTATCGAAATATGAATCTACAGATTTAGATATGTTGGCATTGTTTTATAAACAATCTATTGATATAAATCAAATATTATTAGAAGCCGAAGAAGTTCATTTTATTGAAAGTTTTGACAATGCCTTTCTTAAAACTTTGAGCGAACCTTCAACGGATTTAGTAAAACTCATATTTAAAAATATGGGAGGTAAAAGAATTTCTGAATCTATTGAAAAACAAATTTCGGATTTAATTAATTCAATCTCTATTAAGAGTGCTTTAGATAAAATTATAATCAAAGAGTCATCTACGTCAAATTCAGGGATAATAACTACTGAAGAAGAAATAAAGGCTTATAATGTTATAAAGACAATTATGGCGATGAGTTCAAAATTTAAAAATGCTGATTTAGATAGAGTTGGCTATAAAGACTTTAAAGGTTCTTTCAAGGTTTTAGTTGACAATAAGCAAACAAAATCGATATGTTCTGTGGTGTTAGGTCAAAATAAAAAAATAATTGAAATTAATAATATTAGACACGAACTTGAAGATTTATCTATATCATCATTAACCAAGCACAAAAAAGAATTAGTTCAATCAGCTCTTGAATTGTTAGATTAAAATTACAGGTTTAAACGTATAGCAAATAATAGTTGATTTCTAATTGGGTAGAGAACATACCACTCTAAACAATGAAAGATATAATAATAAAGCAGTCTTTTAAAACAAATCATTAATGATTTTATTTGATTAATCAACTTTTTTCAAATTGATAACAATCTTTTTCAATTTAATAATAATCTTTTTTAATTTATAATACTGTTATGTGAGTTAATTAATAGTTGATTTGTATTAAATCCTACTTCATAAACTTTAATTAATTAAATTATATTAATCTATTTTCATAAAATTAAAAAGAGGTTGTTTTTAACATCATAAAAAAGAATTGAATAACTAATTTTTGAGGTGTTTTGTTAAAATGGTTGGCAAATGGTTGGCAAGATGAAGTCTATAAAATAAAATAACCGTTGATAATCAAATGATTAACAACGGTTATTGTACTGAAGGCGGGACTTTAAACCTCTTAATTAGACGTCTTTTTAAGCCCTTGTAAAACCTCATTAATGCCTTTAAAATTAACTAAAGCATTTAAAAATAAAGGTTTTAGCGTGTTAACTGAAATTAACTAAAATTAAGTAAGATTAAAAAACGGTTGGCAAACGGTTGGCAAAGATTAAAATAAGTAGTATTTTCGTATTGTTCAAAATTCAATACTTATGGCTACTGTTAAATATCAATTATTAAGCGAAAGTGAGAATGCACCAATTTATTTAAGACTTTCAGTAAAACGAGGTTTAAGTCCACGTGCAAAAACTGGCTTACATATTGCACCCAAAAATTGGAGTATTTCAAACTATCCAAAAACCACCACAGCAAATAACAAAAAACTAAAATCTGACTTACAGAAATTAGAAACCTATATTTTAGATGAGGTTAATAATGCAAACACGAAAGGCGAAACAATAAACACGGCTTGGCTAAAACATAGTATTGATTTATTCTTTGGACGCATCACAGAAACTACACAAAGCGATTTATTAACAGATGCAATACAAAGTATAATTGATGAAGCACCAACAAGAAAAAACGGTAAGGGCGGTATTGGTTTATCAAAAAGCAGAATTAACGCCTACAATTCATTAAAGAATATTCTTACAGATTATCAAAAGCAAAATTCTCATAAGGTTAAAGACGTAAATGTAAAATTTGCAAAAGATTTTTTAAAATATCTACTCAATACAAAGAAGTACCAAAAAAGCTATGCACTTAAAAAAATAGCAGATTTAAAAACGGTTTGCAACGATGCTTCATTTTATGGAATTGAAACCAGTACTCAATTAAAAAAGATTGATAGTACTAAAACTAAAAACGAAAATATACTTTATTTAAACCCAAAAGAATTACAAGCAATAGAAGAAGTTGTTTTATTAAATGATGCCCTTAAAAACGCTCGTAAATGGCTGTTATTAGGCTGCAACATAGGGCAGAGAGGTGGCGACCTTTTACGATTAGATGAAACCAACTACAAGAAAATAAATAGTTTAGAAGTTATACAGCTGAAGCAACAAAAAACAGATAAAAACGTAACCATACCAGTTTTAGAAAAAACAAAAGAAATTATAAAAAGTGGTTTGCCTTATAAAATATCAATTCAGATATTCAATAAGTATATTAAAGAAATATGCAGACTTGCAGAAATTAACGAATTGATAAATGATAGTAAGATTACAGTAATAGAAAAAGGGAAGGGAAACAAGGAGAAAAGAAAAATAAGCGGGAGTTATCCAAAGTGGGAGTTAATGGCTTCACACGTTTGTAGGCGTTCATTTTGTACTAATTTATACGGCATACTACCAACGCCTTTAATAATGAGTATATCGGCGCACAGTTCAGAAAAAATGCTACTTAATTATATCGGAAAAGATAGTTTAGACTTTGCCCAACAAATAGCAGATTTTTATACCTTACAAGCCTTAAAGAATAAAAAAAAACCTCAATTAAACGTTATCAAAAACGCATCAAATCAAAATTAAAAGAACAACGATTTAGATGATATTTTAGAAATTTCAATTATATTTATAATCTACATATTAAAACCGTTCAAAGTTGGAATTATTTATAGATACAAAAGAATTTTTAGAAAAGTATGAGGAATACAAAATAATAGAAGAAGGCAAATGGTATCAAGCAATGTATGACGGCGGTAATACACCATATCCAGATATTTCTGTCATTGATGAAACATTGTGGCTTCATTCAAGTGAATACTACCTTTGCGGTGCACAAGTAGACTATCAAGTAATATTTCACAGAGAGATTAAAGAGTTAATCGAAAAAGGAATATATTTTCTTTATTGCAGATTCAATACGTACGAAAAGACCTATCAAGAAAGACTTAATAAATTTTTGGAAACCTATGAGGATGCATTTCCAGTTCATTTTTTAGAAGATGAATTGAAAACATTTATAAAGCCAATAAATGAAAATGCTATTTATTGTGGATTAGAGTCAAAATATAAAGTAGATTTTAGTTTTACTATTGATAGGTGCATAAGTTATTTAGTTGAAGAGCAGGCAAGAAAAATAGGCTACGCAATAACAACTGAACGAGACGGCTTTGATGACATAGTAAGTTATAAAATAGAGGTTGCTAAAAATGAAAAAGAAAGTATTTCTATAAATGAAACACCAACTTTACAGTCTTTAAAATGGCAAGGAACAGAACTACAATTAACCGAATTAATAAAAGCCTTAAAAGAATCTAATTTTTTAAACCCCGAACTAAGTCAAAAAGAAATTTTTATAAGGTTTAAAAGTTTTATGCAAGTTGAAAATTTTAACGAAGCTGACAAAATAAAAGAAATTACAAAACGAACTAAAGACAAAACACCTCTACTAAATATTTTAGAAACTTCTTTAAATAACTACATACATAAGAAGGATTAACTAATAACTGTTAAAATACAACCCCCTTAAAACCCCAGTGGTAAAAAGGTGGGTATAACAATGAAGCAAGTTTGCATAACTTTAAAACATACAGTTATGCAAACAGTACAATTACAATTACCCACAGAATTTAAAACCGAACTTAATCTAATAAGAGCTGAATTAGAAAGTCTTAAACTTCACTTTGAGCCAAAGCAACCTAAAACCTATTTAAGTAGGGCGGATGTTTGTAAATTACTTAACGTTAGCCTTGTTACTCTTAACAAATGGAACAAAAACGGAACACTTAAAGCCGTTGGATTGGGCGGTCGTGTTTTATATCGACAAGAAGATATTGATGATAAAATAGTAGAATTGTAAAAGGCTGAATGATGAGGACTAACAAATCAAACAGCCGTATGTCTTTTGAGAAAGGACAAGGTGAAGATAATAAAATTAAAAATCAAAAGAAAACCATATTTAACTATTTACAGCACAATGTTGCAACAGCTACTATGGTTTATGAAGCTACTGGTGTACCTCAAAAATGCATTACGAGATATAAAAGAGATTTAGAATTGCAGGGTTTACTTTATGAAGTAGAAAAAAAAGAGTGTAAAATAAGTGGTTTTAAAGCTTGGTATTTAACCACTAATCAAGATTTGTTTCCACAGTCAAATCAATATAATTTA
contig_136721	3044	13.38	DTR	low	Multiple genome copies detected	48	32	0.0	0.4375	CATTACATGTGCATTACATGTTCATTACATGTTCATTACATGTTCATT
contig_136987	4286	1.32	DTR	not-determined	NA	120	2	0.0	0.3333333333333333	TGGGTTCAAATCCACTATCTGCAGTACCTATGTACCCATCTATGTACTTGTACTTCGACATGGGTTCAAATCCACTATCTGCAGTACCTATGTACCCATCTATGTACTTGTACTTCGACA
contig_27537	5477	8.41	DTR	low	Multiple genome copies detected	83	12	0.0	0.4939759036144578	ACGCACGCACGCACGCACGCACGCACGCACGCACGCACGCACGCACGCACGCACGCACGCACGCACGCACGCACGCACGCACG
contig_50447	30864	1.02	DTR	high	HMM-based completeness (lower-bound) > 90%	20	2	0.0	0.4	GTAGCTTTCCAGCATGCTTT
contig_53412	7376	2.04	ITR	low	Multiple genome copies detected	1000	1	0.0	0.342	AAGGGAAATATTGGATGCAAATGAATGGAGCGAATATTCTATCTGTGGATGCTGAGTCTGATGCTTCTGTATTTAGTATCGATGCTAGTCAATACTATATCAAGGGATATGAAACGGAAAAAGAAACATTCACCAGTGAGGATTTAATTAGTTCGATGAGTAACCAGGCTATTAACTGTAAAACTGGTGTACTTTCCGGTTTTACTTTTAAGGATACTGCTAATAAAGGTAAATATGATTACACGTGTACAGAGGGTGAATCAGCGAGTGGTGATCTGGGTGACAAAATTTTAACAGAAGCTGGTGAATTAGTCAAAGTACAGCATTTGGGTAAAAATGCACCATCTTTCGATATTGCGTGTGAAAATGGTGCACTGGCAAACTTTAGAATAATTCCTGCTGTGGATGGTAAAGCATCATATGAATACTCATGCCGTGACATTGCTACGTTTGGTGATGATGTTACTATTACAAAGCAGATGACTACTGGTAACCAAGGTGAAATCCACGACTTAAAACGTTTACATAATAATATTAATTGTGGTGAAGGAGAGGCATTGACAAGTTTAAAGTACACATTGGGTGGAGGCGGTGACAACGAGACAAATGTCATATTATCCGGAATTTGCAAGAAATTAGCAGCCTAAGTGTGAAGAAATAACGAGAAGGTAAGAACATAAATAATGAATCCCGAGGATATTGAAAAAGTGACCAAGCTTGTTCAAGTGTTGCGTGATGAAGTCGCACAGTTGAAGAAGCATATTAACCCAATTGAACACTGTAATGGTACGACAACAAAGGGTGGATCCTGTCGTAACCGATGTATAGTGGGAACTAGGTTCTGTCGTAAGCACACAACCATTCCCCAGGAAGAAGATAAACCTTTCTCATGGGCAGATGATCATGACAACGATACATTACCAGAGCTTGGAGAAGATTTTATTAAGTAATAGTAGATGATAGAGGTTGTAGTATTATTTTTTATTGTAATAGTAATCGT
contig_57029	2563	20.34	DTR	low	Multiple genome copies detected	1188	2	0.0	0.34764309764309764	GAACGCTCTCGGCAGGGGCATCCAGGCGAAGGGAGACGGATGGCGGACGCGGCACAGAGTCTCGTCCGCAAGTGCCTCTCCTCCGAGGAGCCACTGTTCTAGATCAGGCAGATGACAGGTGTCCTGAACGCTCTCGGCAGGGGCATCCAGGCGAAGGGAGACGGATGGCGGACGCGGCACAGAGTCTCGTCCGCAAGTGCCTCTCCTCCGAGGAGCCACTGTTCTAGATCAGGCAGATGACAGGTGTCCTGAACGCTCTCGGCAGGGGCATCCAGGCGAAGGGAGACGGATGGCGGACGCGGCACAGAGTCTCGTCCGCAAGTGCCTCTCCTCCGAGGAGCCACTGTTCTAGATCAGGCAGATGACAGGTGTCCTGAACGCTCTCGGCAGGGGCATCCAGGCGAAGGGAGACGGATGGCGGACGCGGCACAGAGTCTCGTCCGCAAGTGCCTCTCCTCCGAGGAGCCACTGTTCTAGATCAGGCAGATGACAGGTGTCCTGAACGCTCTCGGCAGGGGCATCCAGGCGAAGGGAGACGGATGGCGGACGCGGCACAGAGTCTCGTCCGCAAGTGCCTCTCCTCCGAGGAGCCACTGTTCTAGATCAGGCAGATGACAGGTGTCCTGAACGCTCTCGGCAGGGGCATCCAGGCGAAGGGAGACGGATGGCGGACGCGGCACAGAGTCTCGTCCGCAAGTGCCTCTCCTCCGAGGAGCCACTGTTCTAGATCAGGCAGATGACAGGTGTCCTGAACGCTCTCGGCAGGGGCATCCAGGCGAAGGGAGACGGATGGCGGACGCGGCACAGAGTCTCGTCCGCAAGTGCCTCTCCTCCGAGGAGCCACTGTTCTAGATCAGGCAGATGACAGGTGTCCTGAACGCTCTCGGCAGGGGCATCCAGGCGAAGGGAGACGGATGGCGGACGCGGCACAGAGTCTCGTCCGCAAGTGCCTCTCCTCCGAGGAGCCACTGTTCTAGATCAGGCAGATGACAGGTGTCCTGAACGCTCTCGGCAGGGGCATCCAGGCGAAGGGAGACGGATGGCGGACGCGGCACAGAGTCTCGTCCGCAAGTGCCTCTCCTCCGAGGAGCCACTGTTCTAGATCAGGCAGATGACAGGTGTCCTGAACGCTCTCGGCAGGGGCATCCAGGCGAAGGGAGACGGATGGCGGACGCGGCACAGAGTCTC
contig_60147	4386	6.01	DTR	low	Multiple genome copies detected	387	8	0.0	0.42377260981912146	CCAATAAGGGGATGCAACATGACGCCCGGAACCCCAGACCCCAAACCCTCACCCCGAACTCAGGCGCACACCTGTTCAACATCTTCCACCCAACCGACCAATAAGGGGATGCAACATGACGCCCGGAACCCCAGACCCCAAACCCTCACCCCGAACTCAGGCGCACACCTGTTCAACATCTTCCACCCAACCGACCAATAAGGGGATGCAACATGACGCCCGGAACCCCAGACCCCAAACCCTCACCCCGAACTCAGGCGCACACCTGTTCAACATCTTCCACCCAACCGACCAATAAGGGGATGCAACATGACGCCCGGAACCCCAGACCCCAAACCCTCACCCCGAACTCAGGCGCACACCTGTTCAACATCTTCCACCCAACCG
contig_69783	3881	12.34	DTR	low	Multiple genome copies detected	1160	2	0.0	0.3448275862068966	GACCGCAGCCACCGCGCCTTGCAACTCCAGAACAGCTTCAGAAAGGTCACGCCCCACCCACAGGCTCATAACCTTCTTGAGGTTAAGTGCCAAAAGTCCTGAGTCCTAGCCGCCAGAAGTCCTGGACTCCTTGGGTGCGTCGCGTGACCGCAGCCACCGCGCCTTGCAACTCCAGAACAGCTTCAGAAAGGTCACGCCCCACCCACAGGCTCATAACCTTCTTGAGGTTAAGTGCCAAAAGTCCTGAGTCCTAGCCGCCAGAAGTCCTGGACTCCTTGGGTGCGTCGCGTGACCGCAGCCACCGCGCCTTGCAACTCCAGAACAGCTTCAGAAAGGTCACGCCCCACCCACAGGCTCATAACCTTCTTGAGGTTAAGTGCCAAAAGTCCTGAGTCCTAGCCGCCAGAAGTCCTGGACTCCTTGGGTGCGTCGCGTGACCGCAGCCACCGCGCCTTGCAACTCCAGAACAGCTTCAGAAAGGTCACGCCCCACCCACAGGCTCATAACCTTCTTGAGGTTAAGTGCCAAAAGTCCTGAGTCCTAGCCGCCAGAAGTCCTGGACTCCTTGGGTGCGTCGCGTGACCGCAGCCACCGCGCCTTGCAACTCCAGAACAGCTTCAGAAAGGTCACGCCCCACCCACAGGCTCATAACCTTCTTGAGGTTAAGTGCCAAAAGTCCTGAGTCCTAGCCGCCAGAAGTCCTGGACTCCTTGGGTGCGTCGCGTGACCGCAGCCACCGCGCCTTGCAACTCCAGAACAGCTTCAGAAAGGTCACGCCCCACCCACAGGCTCATAACCTTCTTGAGGTTAAGTGCCAAAAGTCCTGAGTCCTAGCCGCCAGAAGTCCTGGACTCCTTGGGTGCGTCGCGTGACCGCAGCCACCGCGCCTTGCAACTCCAGAACAGCTTCAGAAAGGTCACGCCCCACCCACAGGCTCATAACCTTCTTGAGGTTAAGTGCCAAAAGTCCTGAGTCCTAGCCGCCAGAAGTCCTGGACTCCTTGGGTGCGTCGCGTGACCGCAGCCACCGCGCCTTGCAACTCCAGAACAGCTTCAGAAAGGTCACGCCCCACCCACAGGCTCATAACCTTCTTGAGGTTAAGTGCCAAAAGTCCTGAGTCCTAGCCGCCAGAAGTCCTGGACTCCTTGGGTGCGTCGCGT
contig_75238	52669	1.29	ITR	not-determined	NA	740	1	0.0	0.28243243243243243	AAGGGCCACAGCTGGTGACCTTTCTCGAAGCAGTCAAAGTGGCTGGTCATCACTCTTCCGAACCCTGTTAATTGTACCAGAAATACGATCTAAATTACGAGGCCAGAAATACGATCTAAATTACGAGGCTGTTACTGGTAGGAATGGGCCTACAGGGGGTTACTCGTAGGAAGCGCAAGGGCCACAGCTGGTGACCTTTCTCGAAGCAGTCAAAGTGGCTGGTCATCACTCTTCCGAACCCTGTTAATTGTACCAGAAATACGATCTAAATTACGAGGCCAGAAATACGATCTAAATTACGAGGCTGTTACTGGTAGGAATGGGCCTACAGGGGGTTACTCGTAGGAAGCGCAAGGGCCACAGCTGGTGACCTTTCTCGAAGCAGTCAAAGTGGCTGGTCATCACTCTTCCGAACCCTGTTAATTGTACCAGAAATACGATCTAAATTACGAGGCCAGAAATACGATCTAAATTACGAGGCTGTTACTGGTAGGAATGGGCCTACAGGGGGTTACTCGTAGGAAGCGCAAGGGCCACAGCTGGTGACCTTTCTCGAAGCAGTCAAAGTGGCTGGTCATCACTCTTCCGAACCCTGTTAATTGTACCAGAAATACGATCTAAATTACGAGGCCAGAAATACGATCTAAATTACGAGGCTGTTACTGGTAGGAATGGGCCTACAGGGGGTTACTCGTAGGAAGCGCAAGGGCCACAGCTGGTGACCTTTCTCGAAGCAGTCA
contig_81529	2836	6.99	DTR	low	Multiple genome copies detected	162	8	0.0	0.4691358024691358	TGTGATGATGTTGGCAGGGTGTGTGATGATGTTGGCAGGGTGTGTGATGATGTTGGCAGGGTGTGTGATGATGTTGGCAGGGTGTGTGATGATGTTGGCAGGGTGTGTGATGATGTTGGCAGGGTGTGTGATGATGTTGGCAGGGTGTGTGATGATGTTGGC
contig_82814	3560	6.77	DTR	low	Multiple genome copies detected	116	24	0.0	0.3103448275862069	GGACACACTTGAGCGGTGTTGGACACACGCGCGTCGCCTTGAACGCTGTCCCCGCCCCCGACAGCGACTGCCATCATGTGGTGTTGGACACACTCTTAGGTACTTTGCGTGTTGTC
contig_83182	2646	9.55	DTR	low	Multiple genome copies detected	52	14	0.0	0.3076923076923077	GACGTGTGAATCACAGGTCCAGACGTGTGAATCACAGGTCCAGACGTGTGAA
contig_83183	6249	41.25	DTR	low	Multiple genome copies detected	23	113	0.0	0.30434782608695654	ACAGGTCCAGACGTGTGAATCAC
contig_85783	33876	1.01	DTR	high	AAI-based completeness > 90%	427	2	0.0	0.31381733021077285	CATGGGCAGACCTAAAGGTTCACCTAATAAACCTAAAAAAGCTCTAGAGAAAGCTTTAAACGCACGCCTAAAAGCTATCTATGGAGAGGACTTTGATGTGGTGTTTAGCATGGCCTGCAGTGCTATAGATATACAGGCAATAGCTAAAGAGTCTGGCGAAGTGGAGGACCATACAGCGGCCGTACAAGCATTAGATAGGGTAGCTAAGTACCTGACACCATCGCTCAAGTCTATAGAGCAGACAGGGGAGCAGGGGTTAACTGTATCCATACAAAGAAAGCGGTATGATTCATCCAGTGCATAACCTGTTCATAAACCTGTGGACAGCACAGTGTATAACTTGTGGGTAAACCTGTGGAAAAGGTGTTAGCAACCTGTGGATAAGTGGCTACCCCCCTCCCGAGAGTCGATGTGATCTGTATCATTA
contig_86028	2920	19.73	DTR	low	Multiple genome copies detected	1450	2	0.0	0.3331034482758621	GAAGGGAGGGACTACTCTCGCTCCAAGTCACAGCAGGGCCCCCGAGGACCACCATATGACCCTGGGAATAGTCGTACTGTAGGGTCATAGGAGGGGGGTGTTTCTTATGAGCGAGGTACCCCTGTGCTGCACAGGTCCCAGACCGGGGAAGGGAGGGACTACTCTCGCTCCAAGTCACAGCAGGGCCCCCGAGGACCACCATATGACCCTGGGAATAGTCGTACTGTAGGGTCATAGGAGGGGGGTGTTTCTTATGAGCGAGGTACCCCTGTGCTGCACAGGTCCCAGACCGGGGAAGGGAGGGACTACTCTCGCTCCAAGTCACAGCAGGGCCCCCGAGGACCACCATATGACCCTGGGAATAGTCGTACTGTAGGGTCATAGGAGGGGGGTGTTTCTTATGAGCGAGGTACCCCTGTGCTGCACAGGTCCCAGACCGGGGAAGGGAGGGACTACTCTCGCTCCAAGTCACAGCAGGGCCCCCGAGGACCACCATATGACCCTGGGAATAGTCGTACTGTAGGGTCATAGGAGGGGGGTGTTTCTTATGAGCGAGGTACCCCTGTGCTGCACAGGTCCCAGACCGGGGAAGGGAGGGACTACTCTCGCTCCAAGTCACAGCAGGGCCCCCGAGGACCACCATATGACCCTGGGAATAGTCGTACTGTAGGGTCATAGGAGGGGGGTGTTTCTTATGAGCGAGGTACCCCTGTGCTGCACAGGTCCCAGACCGGGGAAGGGAGGGACTACTCTCGCTCCAAGTCACAGCAGGGCCCCCGAGGACCACCATATGACCCTGGGAATAGTCGTACTGTAGGGTCATAGGAGGGGGGTGTTTCTTATGAGCGAGGTACCCCTGTGCTGCACAGGTCCCAGACCGGGGAAGGGAGGGACTACTCTCGCTCCAAGTCACAGCAGGGCCCCCGAGGACCACCATATGACCCTGGGAATAGTCGTACTGTAGGGTCATAGGAGGGGGGTGTTTCTTATGAGCGAGGTACCCCTGTGCTGCACAGGTCCCAGACCGGGGAAGGGAGGGACTACTCTCGCTCCAAGTCACAGCAGGGCCCCCGAGGACCACCATATGACCCTGGGAATAGTCGTACTGTAGGGTCATAGGAGGGGGGTGTTTCTTATGAGCGAGGTACCCCTGTGCTGCACAGGTCCCAGACCGGGGAAGGGAGGGACTACTCTCGCTCCAAGTCACAGCAGGGCCCCCGAGGACCACCATATGACCCTGGGAATAGTCGTACTGTAGGGTCATAGGAGGGGGGTGTTTCTTATGAGCGAGGTACCCCTGTGCTGCACAGGTCCCAGACCGGGGAAGGGAGGGACTACTCTCGCTCCAAGTCACAGCAGGGCCCCCGAGGACCACCATATGACCCTGGGAATAGTCGTACTGTAGGGTCATAGGAGGGGGGTGTTTCTTATGAGCGAGGTACCCCTGTGC
contig_87290	61623	1.0	DTR	high	AAI-based completeness > 90%	33	2	0.0	0.30303030303030304	CAGTTTGGCGACCAGGTTTGACACTTCGCGTTG
contig_87582	2575	1.0	ITR	not-determined	NA	20	1	0.0	0.6	CCCCAAAACCCCAAAACCCC
contig_90295	6000	5.39	DTR	low	Multiple genome copies detected	22	113	0.0	0.4090909090909091	CATAACGAAATCGTATGAGAGC
contig_91895	3472	3.86	DTR	low	Multiple genome copies detected	524	2	0.0	0.3148854961832061	GAGAGCGTTCGGTTCACCGGTGCTGATATCGGCGTCTCTGGTGCTGCGACTGTCATCACTGTGGCATCCGGAGGCGTAGCCGTGACTGGAACGTTGTCGGCTACCGCCGCCACTACTCTGACTAGTGCTGCCCTGAGCGCCGACATCACGATGAGTAAGGCGGCAGCCCAGCTGAGCCACACGGGGACAAGTCTGGCCGTCTCGAGCAACGGGTTCGTTACCTTGGCAGGCTCGTACGTGGACGTGGAGAGCGTTCGGTTCACCGGTGCTGCGATCGGCATCAGCACCGATGTTGATCTCATCACGCTCACTAGTGCTACAGTTACGGTGGCTGGTGCGGTCGATAGCACGACTCTCACGTCGTCAGGAGCAACCACCGCCGCTTCTCTCGTCGTGAACGGCGTGGCTGACATTTCTGGCACGCTCACGCTGTCTGACGCGCCCACTCAAGCGCTGACGCACACGGGCAGCACGGGCACGGACCCAGGGCTGTCCATCACGAGCACCAGCGGGTACGTGGACGT
contig_92452	3130	4.97	DTR	low	Multiple genome copies detected	1252	2	0.0	0.2715654952076677	TTTATGGGTACACGCAACTTTTGGGTACGCACTGCTCAAACGATCAGCGCGTATACTACCCACATGTCTAATGTTCTCCTCTGCTTTCCGTCTTTACAAACAATTCGTAGGTGTGTCAGCCGAACTACCACACCATTCGGTATGGTTTTCGCTGGCTCCACTGCGCCACGACAACTTGGTCGTCCTGTGCCAGTTTAGCTTGACTCACGAAGAACACGCCAACGCGCTTAGCTTTAACGTGCTGTCGACTATCCCTGCGTTAGACTGAGATAAATGGATGGTCGCTGAACACCGCAAGAACTCTGATGCCGAGCGTGTGGCCTTTGATGGCGATAACCGTGGCAAAGTTTCTCACCCGGACTCGGACCATATCTCACTCGGACGACTTTCTCCAGCGTACCCTGAGCGTGATTAGTTAGTACACCGGTTCTCGCACATATCTAGGGTGCTCATCGCATACACATTCTGGGTACGTTGACGTTTTGGGTAAGCAAACGTTTTGGGGTACGCACACGTTTTGTGCTCAGCACTACAAAAATTAGGTAGGTATACAATGTAGATACGCGCACATTTTGGTTACGCACACATGTTGAGTGCTCATCACAACACCTATTGGGTACGCAGACTTTATGGGTACACGCAACTTTTGGGTACGCACTGCTCAAACGATCAGCGCGTATACTACCCACATGTCTAATGTTCTCCTCTGCTTTCCGTCTTTACAAACAATTCGTAGGTGTGTCAGCCGAACTACCACACCATTCGGTATGGTTTTCGCTGGCTCCACTGCGCCACGACAACTTGGTCGTCCTGTGCCAGTTTAGCTTGACTCACGAAGAACACGCCAACGCGCTTAGCTTTAACGTGCTGTCGACTATCCCTGCGTTAGACTGAGATAAATGGATGGTCGCTGAACACCGCAAGAACTCTGATGCCGAGCGTGTGGCCTTTGATGGCGATAACCGTGGCAAAGTTTCTCACCCGGACTCGGACCATATCTCACTCGGACGACTTTCTCCAGCGTACCCTGAGCGTGATTAGTTAGTACACCGGTTCTCGCACATATCTAGGGTGCTCATCGCATACACATTCTGGGTACGTTGACGTTTTGGGTAAGCAAACGTTTTGGGGTACGCACACGTTTTGTGCTCAGCACTACAAAAATTAGGTAGGTATACAATGTAGATACGCGCACATTTTGGTTACGCACACATGTTGAGTGCTCATCACAACACCTATTGGGTACGCAGAC
contig_94072	4862	33.16	DTR	low	Multiple genome copies detected	2295	2	0.0	0.28888888888888886	TCCCCTGCGAGAGAGAGAGGGAGAGATCTTCGTCGGTACCAACCACACCATCGTCAGTACCAACACAACCCCATACGTGCGACTAGGCATGGGACGTCGCGCTCTCTTTTGGTGAGCAGGATGTCGTAGTCCATGTCCCCTGCGAGAGAGAGAGGGAGAGATCTTCGTCGGTACCAACCACACCATCGTCAGTACCAACACAACCCCATACGTGCGACTAGGCATGGGACGTCGCGCTCTCTTTTGGTGAGCAGGATGTCGTAGTCCATGTCCCCTGCGAGAGAGAGAGGGAGAGATCTTCGTCGGTACCAACCACACCATCGTCAGTACCAACACAACCCCATACGTGCGACTAGGCATGGGACGTCGCGCTCTCTTTTGGTGAGCAGGATGTCGTAGTCCATGTCCCCTGCGAGAGAGAGAGGGAGAGATCTTCGTCGGTACCAACCACACCATCGTCAGTACCAACACAACCCCATACGTGCGACTAGGCATGGGACGTCGCGCTCTCTTTTGGTGAGCAGGATGTCGTAGTCCATGTCCCCTGCGAGAGAGAGAGGGAGAGATCTTCGTCGGTACCAACCACACCATCGTCAGTACCAACACAACCCCATACGTGCGACTAGGCATGGGACGTCGCGCTCTCTTTTGGTGAGCAGGATGTCGTAGTCCATGTCCCCTGCGAGAGAGAGAGGGAGAGATCTTCGTCGGTACCAACCACACCATCGTCAGTACCAACACAACCCCATACGTGCGACTAGGCATGGGACGTCGCGCTCTCTTTTGGTGAGCAGGATGTCGTAGTCCATGTCCCCTGCGAGAGAGAGAGGGAGAGATCTTCGTCGGTACCAACCACACCATCGTCAGTACCAACACAACCCCATACGTGCGACTAGGCATGGGACGTCGCGCTCTCTTTTGGTGAGCAGGATGTCGTAGTCCATGTCCCCTGCGAGAGAGAGAGGGAGAGATCTTCGTCGGTACCAACCACACCATCGTCAGTACCAACACAACCCCATACGTGCGACTAGGCATGGGACGTCGCGCTCTCTTTTGGTGAGCAGGATGTCGTAGTCCATGTCCCCTGCGAGAGAGAGAGGGAGAGATCTTCGTCGGTACCAACCACACCATCGTCAGTACCAACACAACCCCATACGTGCGACTAGGCATGGGACGTCGCGCTCTCTTTTGGTGAGCAGGATGTCGTAGTCCATGTCCCCTGCGAGAGAGAGAGGGAGAGATCTTCGTCGGTACCAACCACACCATCGTCAGTACCAACACAACCCCATACGTGCGACTAGGCATGGGACGTCGCGCTCTCTTTTGGTGAGCAGGATGTCGTAGTCCATGTCCCCTGCGAGAGAGAGAGGGAGAGATCTTCGTCGGTACCAACCACACCATCGTCAGTACCAACACAACCCCATACGTGCGACTAGGCATGGGACGTCGCGCTCTCTTTTGGTGAGCAGGATGTCGTAGTCCATGTCCCCTGCGAGAGAGAGAGGGAGAGATCTTCGTCGGTACCAACCACACCATCGTCAGTACCAACACAACCCCATACGTGCGACTAGGCATGGGACGTCGCGCTCTCTTTTGGTGAGCAGGATGTCGTAGTCCATGTCCCCTGCGAGAGAGAGAGGGAGAGATCTTCGTCGGTACCAACCACACCATCGTCAGTACCAACACAACCCCATACGTGCGACTAGGCATGGGACGTCGCGCTCTCTTTTGGTGAGCAGGATGTCGTAGTCCATGTCCCCTGCGAGAGAGAGAGGGAGAGATCTTCGTCGGTACCAACCACACCATCGTCAGTACCAACACAACCCCATACGTGCGACTAGGCATGGGACGTCGCGCTCTCTTTTGGTGAGCAGGATGTCGTAGTCCATGTCCCCTGCGAGAGAGAGAGGGAGAGATCTTCGTCGGTACCAACCACACCATCGTCAGTACCAACACAACCCCATACGTGCGACTAGGCATGGGACGTCGCGCTCTCTTTTGGTGAGCAGGATGTCGTAGTCCATGTCCCCTGCGAGAGAGAGAGGGAGAGATCTTCGTCGGTACCAACCACACCATCGTCAGTACCAACACAACCCCATACGTGCGACTAGGCATGGGACGTCGCGCTCTCTTTTGGTGAGCAGGATGTCGTAGTCCATGTCCCCTGCGAGAGAGAGAGGGAGAGATCTTCGTCGGTACCAACCACACCATCGTCAGTACCAACACAACCCCATACGTGCGACTAGGCATGGGACGTCGCGCTCTCTTTTGGTGAGCAGGATGTCGTAGTCCATG
contig_94474	3525	24.86	DTR	low	Multiple genome copies detected	1692	2	0.0	0.2978723404255319	CCCTCTACACCTGCTGCCGCGACAAGGTAGACGATGGCTCCAATTCCGGTCACTGTTGGCGTGATTTGGAGTTTGAGAGTCTTTGAAATGCCCAAATTGGTCGGAATTGGAGCCCTTTCTGCTGCCGCATGAAGCGGGGTGCCCTCTACACCTGCTGCCGCGACAAGGTAGACGATGGCTCCAATTCCGGTCACTGTTGGCGTGATTTGGAGTTTGAGAGTCTTTGAAATGCCCAAATTGGTCGGAATTGGAGCCCTTTCTGCTGCCGCATGAAGCGGGGTGCCCTCTACACCTGCTGCCGCGACAAGGTAGACGATGGCTCCAATTCCGGTCACTGTTGGCGTGATTTGGAGTTTGAGAGTCTTTGAAATGCCCAAATTGGTCGGAATTGGAGCCCTTTCTGCTGCCGCATGAAGCGGGGTGCCCTCTACACCTGCTGCCGCGACAAGGTAGACGATGGCTCCAATTCCGGTCACTGTTGGCGTGATTTGGAGTTTGAGAGTCTTTGAAATGCCCAAATTGGTCGGAATTGGAGCCCTTTCTGCTGCCGCATGAAGCGGGGTGCCCTCTACACCTGCTGCCGCGACAAGGTAGACGATGGCTCCAATTCCGGTCACTGTTGGCGTGATTTGGAGTTTGAGAGTCTTTGAAATGCCCAAATTGGTCGGAATTGGAGCCCTTTCTGCTGCCGCATGAAGCGGGGTGCCCTCTACACCTGCTGCCGCGACAAGGTAGACGATGGCTCCAATTCCGGTCACTGTTGGCGTGATTTGGAGTTTGAGAGTCTTTGAAATGCCCAAATTGGTCGGAATTGGAGCCCTTTCTGCTGCCGCATGAAGCGGGGTGCCCTCTACACCTGCTGCCGCGACAAGGTAGACGATGGCTCCAATTCCGGTCACTGTTGGCGTGATTTGGAGTTTGAGAGTCTTTGAAATGCCCAAATTGGTCGGAATTGGAGCCCTTTCTGCTGCCGCATGAAGCGGGGTGCCCTCTACACCTGCTGCCGCGACAAGGTAGACGATGGCTCCAATTCCGGTCACTGTTGGCGTGATTTGGAGTTTGAGAGTCTTTGAAATGCCCAAATTGGTCGGAATTGGAGCCCTTTCTGCTGCCGCATGAAGCGGGGTGCCCTCTACACCTGCTGCCGCGACAAGGTAGACGATGGCTCCAATTCCGGTCACTGTTGGCGTGATTTGGAGTTTGAGAGTCTTTGAAATGCCCAAATTGGTCGGAATTGGAGCCCTTTCTGCTGCCGCATGAAGCGGGGTGCCCTCTACACCTGCTGCCGCGACAAGGTAGACGATGGCTCCAATTCCGGTCACTGTTGGCGTGATTTGGAGTTTGAGAGTCTTTGAAATGCCCAAATTGGTCGGAATTGGAGCCCTTTCTGCTGCCGCATGAAGCGGGGTGCCCTCTACACCTGCTGCCGCGACAAGGTAGACGATGGCTCCAATTCCGGTCACTGTTGGCGTGATTTGGAGTTTGAGAGTCTTTGAAATGCCCAAATTGGTCGGAATTGGAGCCCTTTCTGCTGCCGCATGAAGCGGGGTGCCCTCTACACCTGCTGCCGCGACAAGGTAGACGATGGCTCCAATTCCGGTCACTGTTGGCGTGATTTGGAGTTTGAGAGTCTTTGAAATGCCCAAATTGGTCGGAATTGGAGCCCTTTCTGCTGCCGCATGAAGCGGGGTG
contig_99850	3293	8.52	DTR	low	Multiple genome copies detected	123	4	0.0	0.36585365853658536	AATCCCTGGAACATTCCCTCCATGAGTGCACCCCATTGGTCAATCCCTGGAACATTCCCTCCATGAGTGCACCCCATTGGTCAATCCCTGGAACATTCCCTCCATGAGTGCACCCCATTGGTC
