Operon	Gene	System Type	Gene type	HMM	Evalue	REBASE homolog	Homolog identity(%)	Homolog methylation	Homolog motif
RM Operon #1	contig_108726_87	RM_Type_II	RE	Type_II_REase06	4.9e-10				
RM Operon #1	contig_108726_85	RM_Type_II	MT	Type_II_MTases_FAM_2	1.1e-26	M.Tac106ORF3195P	67.085	m5C	
RM Operon #1	contig_108726_88	RM_Type_II	RE	Type_II_REase02	9e-17	RdeR2I	51.034		GCNGC
RM Operon #2	contig_74085_389	RM_Type_I	MT	Type_I_MTases_FAM_3	5.9e-281	M.PstRCH2II	96.809	m6A	CAGCNNNNNNNTCTY
RM Operon #2	contig_74085_394	RM_Type_I	RE	Type_I_REases_FAM_1.einsi_trimmed	0.0	PfuSB1ORFDP	94.816		
RM Operon #2	contig_74085_390	RM_Type_I	SP	Type_I_S_52	1.9e-89	S.PaePA7II	69.584		
RM Operon #3	contig_75144_175	RM_Type_I	SP	Type_I_S_06	9e-57				
RM Operon #3	contig_75144_174	RM_Type_I	MT	Type_I_MTases_FAM_0	6.4e-175	M.Pspc21ORF18310P	97.328	m6A	
RM Operon #3	contig_75144_180	RM_Type_I	RE	Type_I_REases_FAM_0.einsi_trimmed	1.4e-269	PspOIL1ORF9665P	91.544		
RM Operon #4	contig_86868_698	RM_Type_III	MT	Type_III_MTases_FAM_0	4e-162	M.MspES1ORF11235P	70.146	m6A	
RM Operon #4	contig_86868_696	RM_Type_III	RE	Type_III_REases_FAM_0.einsi_trimmed	6.1e-219	MspES1ORF11235P	80.444		
Singleton #1	contig_108726_125	RM_Type_II	RE	Type_II_REase06	4.3e-12				
Singleton #2	contig_74085_231	RM_Type_II	MT	Type_II_MTases_FAM_13	5.2e-07				
